file_id,relative_path,file_type,extension,size_bytes,line_count,is_text,is_binary,is_source_code,is_config,is_netlist,is_data,is_test,is_documentation,main_purpose,key_classes,key_functions,key_inputs,key_outputs,depends_on,used_by,relevance_to_sram_layoutgen,relevance_category,can_drive_layout_generation,can_provide_netlist_semantics,can_provide_module_definition,can_provide_optimization_result,can_be_used_in_next_stage,risk_or_limitation,notes
OYF0001,.gitignore,text_asset,NONE,506,31,True,False,False,False,False,False,False,False,UNKNOWN,UNKNOWN,UNKNOWN,UNKNOWN,UNKNOWN,UNKNOWN,UNKNOWN,UNKNOWN,UNKNOWN,False,False,False,False,False,UNKNOWN,Classification remained UNKNOWN where evidence was insufficient.
OYF0002,LICENSE,documentation,NONE,11357,201,True,False,False,False,False,False,False,True,Source file containing class-based project logic.,UNKNOWN,UNKNOWN,UNKNOWN,UNKNOWN,UNKNOWN,UNKNOWN,Documentation or license material; informative for understanding the project but not a layout driver.,DOCUMENTATION,False,False,False,False,False,UNKNOWN,NONE
OYF0003,README.md,documentation,.md,11639,281,True,False,False,False,False,False,False,True,Documentation file.,UNKNOWN,UNKNOWN,CSV or numeric result files.,Plots or visualizations.,UNKNOWN,UNKNOWN,Documentation or license material; informative for understanding the project but not a layout driver.,DOCUMENTATION,False,False,False,False,False,UNKNOWN,NONE
OYF0004,conda,source_code,NONE,0,0,True,False,True,True,False,False,False,False,Environment helper script.,NONE,NONE,UNKNOWN,UNKNOWN,UNKNOWN,UNKNOWN,Project-level utility or environment helper with indirect integration relevance only.,UTILITY,False,False,False,False,False,UNKNOWN,NONE
OYF0005,config.py,source_code,.py,18456,470,True,False,True,False,False,False,False,False,Source file containing class-based project logic.,"AttrDict, GlobalConfig, Parameter, CircuitConfig, ConfigLoader, SRAM_CONFIG","_abs_path, load_global_config, __init__, __repr__, __init__, _process_performance_metrics, _normalize_metric_bounds, __repr__, get_metric, get_metric_names, get_objective_formula, get_constraints, __init__, _coerce_numeric_like, _validate_types, __repr__, __init__, get_parameter",UNKNOWN,UNKNOWN,"os, typing, yaml","demo_run_a_testbench.py, equivalent_modeling/main_sram.py, main_sram.py, size_optimization/exp_utils.py, size_optimization/experiment.py, sram_compiler/subcircuits/sram_cell_add_equivalent.py",Central OpenYield YAML configuration loader that materializes SRAM/global/module semantics used by netlist-generation flows.,CONFIG,False,True,False,False,True,Configuration alone cannot prove which physical layout cell should implement a given OpenYield module.,NONE
OYF0006,demo_run_a_testbench.py,source_code,.py,7325,144,True,False,True,False,False,False,True,False,UNKNOWN,NONE,NONE,UNKNOWN,UNKNOWN,"PySpice.Unit, config, numpy, sys, testbenches.sram_6t_core_MC_testbench, tool.Distribution.gmm_v2, tool.Distribution.normal_v1, tool.util, utils, yield_estimation.model_lib.ACS, yield_estimation.model_lib.AIS, yield_estimation.model_lib.HSCS, yield_estimation.model_lib.MC, yield_estimation.model_lib.MNIS",UNKNOWN,"Script entrypoint for optimization or estimation flows, useful for locating execution roots but not direct GDS generation.",SCRIPT_ENTRYPOINT,False,False,False,False,False,UNKNOWN,NONE
OYF0007,environment.yml,text_asset,.yml,3256,163,True,False,False,True,False,False,False,False,Configuration file for simulation or optimization flow.,UNKNOWN,UNKNOWN,CSV or numeric result files.,Plots or visualizations.,UNKNOWN,UNKNOWN,Project-level utility or environment helper with indirect integration relevance only.,UTILITY,False,False,False,False,False,UNKNOWN,NONE
OYF0008,equivalent_modeling/main_sram.py,source_code,.py,9691,184,True,False,True,False,False,False,False,False,Studies or demonstrates equivalent-circuit acceleration for large SRAM simulations.,NONE,"time_str_to_float, string_to_float_list",Array size / equivalent-model options.,Comparison results for equivalent vs full simulation.,"PySpice.Unit, config, datetime, numpy, os, pandas, sram_compiler.testbenches.sram_6t_core_MC_testbench, sram_compiler.testbenches.sram_6t_core_testbench, sys, time, utils",UNKNOWN,"Equivalent-model experiments for simulation acceleration, not a direct physical-layout source.",UTILITY,False,False,False,False,False,UNKNOWN,NONE
OYF0009,equivalent_modeling/run.sh,source_code,.sh,175,1,True,False,True,False,False,False,False,False,Studies or demonstrates equivalent-circuit acceleration for large SRAM simulations.,NONE,NONE,Array size / equivalent-model options.,Comparison results for equivalent vs full simulation.,UNKNOWN,UNKNOWN,"Equivalent-model experiments for simulation acceleration, not a direct physical-layout source.",UTILITY,False,False,False,False,False,UNKNOWN,NONE
OYF0010,equivalent_modeling/test.ipynb,text_asset,.ipynb,14951,389,True,False,False,False,False,True,True,False,Studies or demonstrates equivalent-circuit acceleration for large SRAM simulations.,UNKNOWN,UNKNOWN,Array size / equivalent-model options.,Comparison results for equivalent vs full simulation.,UNKNOWN,UNKNOWN,"Equivalent-model experiments for simulation acceleration, not a direct physical-layout source.",UTILITY,False,False,False,False,False,UNKNOWN,NONE
OYF0011,img/logo-cut-openyield.jpg,binary_asset,.jpg,1854431,0,False,True,False,False,False,False,False,False,Image asset for documentation.,UNKNOWN,UNKNOWN,UNKNOWN,UNKNOWN,UNKNOWN,UNKNOWN,Documentation image asset with no layout-generation semantics.,DOCUMENTATION,False,False,False,False,False,Documentation asset only.,Binary or non-text asset.
OYF0012,img/openyield_all-overall.drawio.png,binary_asset,.png,216856,0,False,True,False,False,False,False,False,False,Image asset for documentation.,UNKNOWN,UNKNOWN,UNKNOWN,UNKNOWN,UNKNOWN,UNKNOWN,Documentation image asset with no layout-generation semantics.,DOCUMENTATION,False,False,False,False,False,Documentation asset only.,Binary or non-text asset.
OYF0013,main_estimation.py,source_code,.py,6091,112,True,False,True,False,False,False,False,False,Yield-estimation driver that runs SRAM failure-probability algorithms over SPICE-backed testbenches.,NONE,NONE,UNKNOWN,UNKNOWN,"PySpice.Unit, numpy, sram_yield_estimation.model_lib.ACS, sram_yield_estimation.model_lib.AIS, sram_yield_estimation.model_lib.HSCS, sram_yield_estimation.model_lib.MC, sram_yield_estimation.model_lib.MNIS, sram_yield_estimation.model_lib.spice, sram_yield_estimation.tool.Distribution.gmm_v2, sram_yield_estimation.tool.Distribution.normal_v1, testbenches.sram_6t_core_MC_testbench, testbenches.sram_6t_core_testbench, utils, warnings",UNKNOWN,"Script entrypoint for optimization or estimation flows, useful for locating execution roots but not direct GDS generation.",SCRIPT_ENTRYPOINT,False,False,False,False,False,UNKNOWN,NONE
OYF0014,main_opt.py,source_code,.py,3506,91,True,False,True,False,False,False,False,False,Interactive entrypoint that selects and launches SRAM sizing/architecture optimization demos.,NONE,NONE,UNKNOWN,UNKNOWN,"importlib, os, sys, traceback",UNKNOWN,"Script entrypoint for optimization or estimation flows, useful for locating execution roots but not direct GDS generation.",SCRIPT_ENTRYPOINT,False,False,False,False,False,UNKNOWN,NONE
OYF0015,main_sram.py,source_code,.py,6128,113,True,False,True,False,False,False,False,False,Primary SRAM simulation entrypoint that loads YAML configs and runs transistor-level SRAM testbenches.,NONE,NONE,"YAML configs, transistor/device parameters, SRAM array size, simulation mode.","SPICE netlists, Xyce simulation outputs, CSV stats, waveform/result directories.","PySpice.Unit, datetime, numpy, os, sram_compiler.config_yaml.config, sram_compiler.testbenches.sram_6t_core_MC_testbench, sram_compiler.testbenches.yaml_change, utils",UNKNOWN,Top-level OpenYield SRAM netlist generator entrypoint; useful as a trace source for future netlist-to-layout translation.,NETLIST_SOURCE,True,True,False,False,True,"Generates or mutates simulation-side YAML and netlists, but does not emit physical GDS or a proven layout trace.",NONE
OYF0016,plot_data.py,source_code,.py,13701,397,True,False,True,False,False,False,False,False,UNKNOWN,NONE,"plot_delay, plot_power, plot_rc_delay, plot_leak_delay",CSV or numeric result files.,Plots or visualizations.,"PySpice.Unit, matplotlib.pyplot, numpy, testbenches.sram_6t_core_MC_testbench, testbenches.sram_6t_core_testbench",UNKNOWN,Project-level utility or environment helper with indirect integration relevance only.,UTILITY,False,False,False,False,False,UNKNOWN,NONE
OYF0017,readme_compiler.md,documentation,.md,18339,550,True,False,False,False,False,False,False,True,Documentation file.,UNKNOWN,UNKNOWN,CSV or numeric result files.,Plots or visualizations.,UNKNOWN,UNKNOWN,Documentation or license material; informative for understanding the project but not a layout driver.,DOCUMENTATION,False,False,False,False,False,UNKNOWN,NONE
OYF0018,refreshenv,source_code,NONE,0,0,True,False,True,False,False,False,False,False,Environment helper script.,NONE,NONE,UNKNOWN,UNKNOWN,UNKNOWN,UNKNOWN,Project-level utility or environment helper with indirect integration relevance only.,UTILITY,False,False,False,False,False,UNKNOWN,NONE
OYF0019,size_optimization/MOBO/README.md,optimization_asset,.md,6713,239,True,False,False,False,False,False,False,True,Implements or configures SRAM sizing/architecture optimization algorithms.,UNKNOWN,UNKNOWN,"Optimization config, objective bounds, simulation callbacks.","Optimization trajectories, selected parameter sets, CSV results.",UNKNOWN,UNKNOWN,"Optimization-side code for sizing/search, not a physical GDS implementation source.",OPTIMIZATION_ALGORITHM,False,False,False,True,False,Optimization or estimation logic is not a physical-layout implementation source.,NONE
OYF0020,size_optimization/MOBO/__init__.py,optimization_source,.py,0,0,True,False,True,False,False,False,False,False,Implements or configures SRAM sizing/architecture optimization algorithms.,NONE,NONE,"Optimization config, objective bounds, simulation callbacks.","Optimization trajectories, selected parameter sets, CSV results.",NONE,UNKNOWN,"Optimization-side code for sizing/search, not a physical GDS implementation source.",OPTIMIZATION_ALGORITHM,False,False,False,True,False,Optimization or estimation logic is not a physical-layout implementation source.,NONE
OYF0021,size_optimization/MOBO/acquisition.py,optimization_source,.py,3821,124,True,False,True,False,False,False,False,False,Implements or configures SRAM sizing/architecture optimization algorithms.,NONE,"extract_pareto_front, dominates, compute_hypervolume_2d, compute_hypervolume, compute_hypervolume_improvement, monte_carlo_ehvi, create_individuals_from_front","Optimization config, objective bounds, simulation callbacks.","Optimization trajectories, selected parameter sets, CSV results.","individual, numpy","size_optimization/MOBO/bayesian_optimizer.py, size_optimization/demo_cbo.py","Optimization-side code for sizing/search, not a physical GDS implementation source.",OPTIMIZATION_ALGORITHM,False,False,False,True,False,Optimization or estimation logic is not a physical-layout implementation source.,NONE
OYF0022,size_optimization/MOBO/bayesian_optimizer.py,optimization_source,.py,12339,297,True,False,True,False,False,False,False,False,Implements or configures SRAM sizing/architecture optimization algorithms.,BayesianOptimizer,"__init__, optimize, _initial_sampling, _evaluate, _find_best_candidate, _sample_candidates","Optimization config, objective bounds, simulation callbacks.","Optimization trajectories, selected parameter sets, CSV results.","acquisition, itertools, numpy, sklearn.gaussian_process, sklearn.gaussian_process.kernels, sklearn.preprocessing, time, tqdm",size_optimization/MOBO/main.py,"Optimization-side code for sizing/search, not a physical GDS implementation source.",OPTIMIZATION_ALGORITHM,False,False,False,True,False,Optimization or estimation logic is not a physical-layout implementation source.,NONE
OYF0023,size_optimization/MOBO/individual.py,optimization_source,.py,749,22,True,False,True,False,False,False,False,False,Implements or configures SRAM sizing/architecture optimization algorithms.,Individual,"__init__, __eq__, dominates","Optimization config, objective bounds, simulation callbacks.","Optimization trajectories, selected parameter sets, CSV results.",NONE,"size_optimization/MOBO/acquisition.py, size_optimization/MOBO/problem.py, size_optimization/NSGA-II/problem.py, size_optimization/demo_nsgaii.py, size_optimization/moead/__init__.py, size_optimization/moead/problem.py","Optimization-side code for sizing/search, not a physical GDS implementation source.",OPTIMIZATION_ALGORITHM,False,False,False,True,False,Optimization or estimation logic is not a physical-layout implementation source.,NONE
OYF0024,size_optimization/MOBO/main.py,optimization_source,.py,1228,48,True,False,True,False,False,False,False,False,Implements or configures SRAM sizing/architecture optimization algorithms.,NONE,"zdt1_f1, zdt1_f2, main, obj1, obj2","Optimization config, objective bounds, simulation callbacks.","Optimization trajectories, selected parameter sets, CSV results.","bayesian_optimizer, numpy, problem",UNKNOWN,"Optimization-side code for sizing/search, not a physical GDS implementation source.",OPTIMIZATION_ALGORITHM,False,False,False,True,False,Optimization or estimation logic is not a physical-layout implementation source.,NONE
OYF0025,size_optimization/MOBO/population.py,optimization_source,.py,398,17,True,False,True,False,False,False,False,False,Implements or configures SRAM sizing/architecture optimization algorithms.,Population,"__init__, __len__, __iter__, extend, append","Optimization config, objective bounds, simulation callbacks.","Optimization trajectories, selected parameter sets, CSV results.",NONE,"size_optimization/NSGA-II/evolution.py, size_optimization/NSGA-II/nsga2_utils.py, size_optimization/demo_nsgaii.py, size_optimization/moead/__init__.py","Optimization-side code for sizing/search, not a physical GDS implementation source.",OPTIMIZATION_ALGORITHM,False,False,False,True,False,Optimization or estimation logic is not a physical-layout implementation source.,NONE
OYF0026,size_optimization/MOBO/problem.py,optimization_source,.py,1557,38,True,False,True,False,False,False,False,False,Implements or configures SRAM sizing/architecture optimization algorithms.,Problem,"__init__, generate_individual, calculate_objectives","Optimization config, objective bounds, simulation callbacks.","Optimization trajectories, selected parameter sets, CSV results.","individual, numpy, random","size_optimization/MOBO/main.py, size_optimization/NSGA-II/main.py, size_optimization/moead/__init__.py","Optimization-side code for sizing/search, not a physical GDS implementation source.",OPTIMIZATION_ALGORITHM,False,False,False,True,False,Optimization or estimation logic is not a physical-layout implementation source.,NONE
OYF0027,size_optimization/NSGA-II/Readme.md,optimization_asset,.md,0,0,True,False,False,False,False,False,False,True,Implements or configures SRAM sizing/architecture optimization algorithms.,UNKNOWN,UNKNOWN,"Optimization config, objective bounds, simulation callbacks.","Optimization trajectories, selected parameter sets, CSV results.",UNKNOWN,UNKNOWN,"Optimization-side code for sizing/search, not a physical GDS implementation source.",OPTIMIZATION_ALGORITHM,False,False,False,True,False,Optimization or estimation logic is not a physical-layout implementation source.,NONE
OYF0028,size_optimization/NSGA-II/__init__.py,optimization_source,.py,0,0,True,False,True,False,False,False,False,False,Implements or configures SRAM sizing/architecture optimization algorithms.,NONE,NONE,"Optimization config, objective bounds, simulation callbacks.","Optimization trajectories, selected parameter sets, CSV results.",NONE,UNKNOWN,"Optimization-side code for sizing/search, not a physical GDS implementation source.",OPTIMIZATION_ALGORITHM,False,False,False,True,False,Optimization or estimation logic is not a physical-layout implementation source.,NONE
OYF0029,size_optimization/NSGA-II/evolution.py,optimization_source,.py,3612,72,True,False,True,False,False,False,False,False,Implements or configures SRAM sizing/architecture optimization algorithms.,Evolution,"__init__, evolve","Optimization config, objective bounds, simulation callbacks.","Optimization trajectories, selected parameter sets, CSV results.","nsga2_utils, population, tqdm","size_optimization/NSGA-II/main.py, size_optimization/demo_nsgaii.py","Optimization-side code for sizing/search, not a physical GDS implementation source.",OPTIMIZATION_ALGORITHM,False,False,False,True,False,Optimization or estimation logic is not a physical-layout implementation source.,NONE
OYF0030,size_optimization/NSGA-II/individual.py,optimization_source,.py,749,22,True,False,True,False,False,False,False,False,Implements or configures SRAM sizing/architecture optimization algorithms.,Individual,"__init__, __eq__, dominates","Optimization config, objective bounds, simulation callbacks.","Optimization trajectories, selected parameter sets, CSV results.",NONE,"size_optimization/MOBO/acquisition.py, size_optimization/MOBO/problem.py, size_optimization/NSGA-II/problem.py, size_optimization/demo_nsgaii.py, size_optimization/moead/__init__.py, size_optimization/moead/problem.py","Optimization-side code for sizing/search, not a physical GDS implementation source.",OPTIMIZATION_ALGORITHM,False,False,False,True,False,Optimization or estimation logic is not a physical-layout implementation source.,NONE
OYF0031,size_optimization/NSGA-II/main.py,optimization_source,.py,1054,46,True,False,True,False,False,False,False,False,Implements or configures SRAM sizing/architecture optimization algorithms.,NONE,"zdt1_f1, zdt1_f2, main, obj1, obj2","Optimization config, objective bounds, simulation callbacks.","Optimization trajectories, selected parameter sets, CSV results.","evolution, numpy, problem",UNKNOWN,"Optimization-side code for sizing/search, not a physical GDS implementation source.",OPTIMIZATION_ALGORITHM,False,False,False,True,False,Optimization or estimation logic is not a physical-layout implementation source.,NONE
OYF0032,size_optimization/NSGA-II/nsga2_utils.py,optimization_source,.py,6908,165,True,False,True,False,False,False,False,False,Implements or configures SRAM sizing/architecture optimization algorithms.,NSGA2Utils,"__init__, create_initial_population, fast_nondominated_sort, calculate_crowding_distance, crowding_operator, create_children, __crossover, __get_beta, __mutate, __get_delta, __tournament, __choose_with_prob","Optimization config, objective bounds, simulation callbacks.","Optimization trajectories, selected parameter sets, CSV results.","math, population, random",size_optimization/NSGA-II/evolution.py,"Optimization-side code for sizing/search, not a physical GDS implementation source.",OPTIMIZATION_ALGORITHM,False,False,False,True,False,Optimization or estimation logic is not a physical-layout implementation source.,NONE
OYF0033,size_optimization/NSGA-II/population.py,optimization_source,.py,398,17,True,False,True,False,False,False,False,False,Implements or configures SRAM sizing/architecture optimization algorithms.,Population,"__init__, __len__, __iter__, extend, append","Optimization config, objective bounds, simulation callbacks.","Optimization trajectories, selected parameter sets, CSV results.",NONE,"size_optimization/NSGA-II/evolution.py, size_optimization/NSGA-II/nsga2_utils.py, size_optimization/demo_nsgaii.py, size_optimization/moead/__init__.py","Optimization-side code for sizing/search, not a physical GDS implementation source.",OPTIMIZATION_ALGORITHM,False,False,False,True,False,Optimization or estimation logic is not a physical-layout implementation source.,NONE
OYF0034,size_optimization/NSGA-II/problem.py,optimization_source,.py,1557,38,True,False,True,False,False,False,False,False,Implements or configures SRAM sizing/architecture optimization algorithms.,Problem,"__init__, generate_individual, calculate_objectives","Optimization config, objective bounds, simulation callbacks.","Optimization trajectories, selected parameter sets, CSV results.","individual, numpy, random","size_optimization/MOBO/main.py, size_optimization/NSGA-II/main.py, size_optimization/moead/__init__.py","Optimization-side code for sizing/search, not a physical GDS implementation source.",OPTIMIZATION_ALGORITHM,False,False,False,True,False,Optimization or estimation logic is not a physical-layout implementation source.,NONE
OYF0035,size_optimization/README.md,optimization_asset,.md,2646,103,True,False,False,False,False,False,False,True,Implements or configures SRAM sizing/architecture optimization algorithms.,UNKNOWN,UNKNOWN,"Optimization config, objective bounds, simulation callbacks.","Optimization trajectories, selected parameter sets, CSV results.",UNKNOWN,UNKNOWN,"Optimization-side code for sizing/search, not a physical GDS implementation source.",OPTIMIZATION_ALGORITHM,False,False,False,True,False,Optimization or estimation logic is not a physical-layout implementation source.,NONE
OYF0036,size_optimization/borl_model/actor_critic.py,optimization_source,.py,3966,112,True,False,True,False,False,False,False,False,Implements or configures SRAM sizing/architecture optimization algorithms.,ActorCritic,"__init__, act, evaluate","Optimization config, objective bounds, simulation callbacks.","Optimization trajectories, selected parameter sets, CSV results.","logging, size_optimization.borl_model.actor_net, size_optimization.borl_model.buffer, size_optimization.borl_model.critic_net, torch, torch.distributions, torch.nn, traceback",size_optimization/borl_model/ppo.py,"Optimization-side code for sizing/search, not a physical GDS implementation source.",OPTIMIZATION_ALGORITHM,False,False,False,True,False,Optimization or estimation logic is not a physical-layout implementation source.,NONE
OYF0037,size_optimization/borl_model/actor_net.py,optimization_source,.py,3012,86,True,False,True,False,False,False,False,False,Implements or configures SRAM sizing/architecture optimization algorithms.,ActorPolicyNet,"__init__, forward","Optimization config, objective bounds, simulation callbacks.","Optimization trajectories, selected parameter sets, CSV results.","logging, torch, torch.nn, torch.nn.functional, traceback",size_optimization/borl_model/actor_critic.py,"Optimization-side code for sizing/search, not a physical GDS implementation source.",OPTIMIZATION_ALGORITHM,False,False,False,True,False,Optimization or estimation logic is not a physical-layout implementation source.,NONE
OYF0038,size_optimization/borl_model/buffer.py,optimization_source,.py,356,14,True,False,True,False,False,False,False,False,Implements or configures SRAM sizing/architecture optimization algorithms.,Memory,"__init__, clear_memory","Optimization config, objective bounds, simulation callbacks.","Optimization trajectories, selected parameter sets, CSV results.",NONE,size_optimization/borl_model/actor_critic.py,"Optimization-side code for sizing/search, not a physical GDS implementation source.",OPTIMIZATION_ALGORITHM,False,False,False,True,False,Optimization or estimation logic is not a physical-layout implementation source.,NONE
OYF0039,size_optimization/borl_model/critic_net.py,optimization_source,.py,1964,64,True,False,True,False,False,False,False,False,Implements or configures SRAM sizing/architecture optimization algorithms.,CriticNet,"__init__, forward","Optimization config, objective bounds, simulation callbacks.","Optimization trajectories, selected parameter sets, CSV results.","logging, torch, torch.nn, torch.nn.functional, traceback",size_optimization/borl_model/actor_critic.py,"Optimization-side code for sizing/search, not a physical GDS implementation source.",OPTIMIZATION_ALGORITHM,False,False,False,True,False,Optimization or estimation logic is not a physical-layout implementation source.,NONE
OYF0040,size_optimization/borl_model/ppo.py,optimization_source,.py,4469,118,True,False,True,False,False,False,False,False,Implements or configures SRAM sizing/architecture optimization algorithms.,PPO,"__init__, update","Optimization config, objective bounds, simulation callbacks.","Optimization trajectories, selected parameter sets, CSV results.","logging, size_optimization.borl_model.actor_critic, torch, torch.nn, traceback",size_optimization/demo_roseopt.py,"Optimization-side code for sizing/search, not a physical GDS implementation source.",OPTIMIZATION_ALGORITHM,False,False,False,True,False,Optimization or estimation logic is not a physical-layout implementation source.,NONE
OYF0041,size_optimization/config_sram.yaml,optimization_asset,.yaml,6966,131,True,False,False,True,False,False,False,False,Implements or configures SRAM sizing/architecture optimization algorithms.,UNKNOWN,UNKNOWN,"Optimization config, objective bounds, simulation callbacks.","Optimization trajectories, selected parameter sets, CSV results.",UNKNOWN,UNKNOWN,"Optimization configuration, not physical layout source; may guide future translator inputs indirectly.",CONFIG,False,False,False,False,False,Configuration alone cannot prove which physical layout cell should implement a given OpenYield module.,NONE
OYF0042,size_optimization/demo_cbo.py,optimization_source,.py,23314,563,True,False,True,False,False,False,False,False,SRAM Circuit Optimization using Constrained Bayesian Optimization,"SRAMParameterSpace, ConstrainedBayesianOptimizer","random_search, bayesian_optimization, main, __init__, convert_params, print_params, __init__, suggest, observe","Optimization config, objective bounds, simulation callbacks.","Optimization trajectories, selected parameter sets, CSV results.","botorch.acquisition, botorch.acquisition.multi_objective.monte_carlo, botorch.fit, botorch.models, botorch.models.model_list_gp_regression, botorch.optim, botorch.utils.multi_objective.box_decompositions.non_dominated, botorch.utils.transforms, csv, gpytorch.mlls, gpytorch.mlls.sum_marginal_log_likelihood, matplotlib, matplotlib.pyplot, numpy, os, pandas, pathlib, random, size_optimization.exp_utils, sys",size_optimization/run_experiments.py,"Optimization-side code for sizing/search, not a physical GDS implementation source.",OPTIMIZATION_ALGORITHM,False,False,False,True,False,Optimization or estimation logic is not a physical-layout implementation source.,NONE
OYF0043,size_optimization/demo_cmaes.py,optimization_source,.py,7510,224,True,False,True,False,False,False,False,False,SRAM Circuit Optimization using CMA-ES (Covariance Matrix Adaptation Evolution Strategy),"SRAMParameterSpace, CMAESOptimizer","main, __init__, dim, convert_params, print_params, __init__, run","Optimization config, objective bounds, simulation callbacks.","Optimization trajectories, selected parameter sets, CSV results.","cma, numpy, os, size_optimization.exp_utils, sys, time, torch, warnings",UNKNOWN,"Optimization-side code for sizing/search, not a physical GDS implementation source.",OPTIMIZATION_ALGORITHM,False,False,False,True,False,Optimization or estimation logic is not a physical-layout implementation source.,NONE
OYF0044,size_optimization/demo_cpn.py,optimization_source,.py,10104,300,True,False,True,False,False,False,False,False,SRAM Circuit Optimization using CPN (TabPFN-based Bayesian Optimization),"SRAMParameterSpace, TabPFNDirectFoMOptimizer","main, __init__, dim, convert_params, print_params, __init__, add_observation, get_next_point, _generate_candidates","Optimization config, objective bounds, simulation callbacks.","Optimization trajectories, selected parameter sets, CSV results.","numpy, os, scipy.stats, size_optimization.exp_utils, sys, tabpfn, time, torch, warnings",UNKNOWN,"Optimization-side code for sizing/search, not a physical GDS implementation source.",OPTIMIZATION_ALGORITHM,False,False,False,True,False,Optimization or estimation logic is not a physical-layout implementation source.,NONE
OYF0045,size_optimization/demo_mobo.py,optimization_source,.py,19324,0,False,True,True,False,False,False,False,False,Implements or configures SRAM sizing/architecture optimization algorithms.,NONE,NONE,"Optimization config, objective bounds, simulation callbacks.","Optimization trajectories, selected parameter sets, CSV results.",UNKNOWN,UNKNOWN,"Optimization-side code for sizing/search, not a physical GDS implementation source.",OPTIMIZATION_ALGORITHM,False,False,False,True,False,Optimization or estimation logic is not a physical-layout implementation source.,Binary or non-text asset.
OYF0046,size_optimization/demo_moead.py,optimization_source,.py,35543,0,False,True,True,False,False,False,False,False,Implements or configures SRAM sizing/architecture optimization algorithms.,NONE,NONE,"Optimization config, objective bounds, simulation callbacks.","Optimization trajectories, selected parameter sets, CSV results.",UNKNOWN,UNKNOWN,"Optimization-side code for sizing/search, not a physical GDS implementation source.",OPTIMIZATION_ALGORITHM,False,False,False,True,False,Optimization or estimation logic is not a physical-layout implementation source.,Binary or non-text asset.
OYF0047,size_optimization/demo_nsgaii.py,optimization_source,.py,22774,525,True,False,True,False,False,False,False,False,SRAM Circuit Optimization using NSGA-II,"Tee, Problem, Individual","main, __init__, write, flush, __init__, generate_individual, calculate_objectives, _append_iteration_csv, evaluate_joint, get_objectives_for_params, f1_snm, f2_power, f3_area, f4_delay, _eval_ext_full, _eval_ext_objs, __init__, dominates","Optimization config, objective bounds, simulation callbacks.","Optimization trajectories, selected parameter sets, CSV results.","argparse, csv, datetime, evolution, individual, numpy, os, pathlib, population, size_optimization.exp_utils, size_optimization.experiment, sys, time, torch, utils, warnings",UNKNOWN,"Optimization-side code for sizing/search, not a physical GDS implementation source.",OPTIMIZATION_ALGORITHM,False,False,False,True,False,Optimization or estimation logic is not a physical-layout implementation source.,NONE
OYF0048,size_optimization/demo_pso.py,optimization_source,.py,18054,443,True,False,True,False,False,False,False,False,SRAM Circuit Optimization using PSO Algorithm,PSOOptimizer,"format_initial_result, main, __init__, evaluate, run_optimization","Optimization config, objective bounds, simulation callbacks.","Optimization trajectories, selected parameter sets, CSV results.","numpy, os, pathlib, size_optimization.exp_utils, sys, time, torch, warnings",size_optimization/run_experiments.py,"Optimization-side code for sizing/search, not a physical GDS implementation source.",OPTIMIZATION_ALGORITHM,False,False,False,True,False,Optimization or estimation logic is not a physical-layout implementation source.,NONE
OYF0049,size_optimization/demo_random.py,optimization_source,.py,2046,62,True,False,True,False,False,False,False,False,Random Search baseline for SRAM circuit optimization.,NONE,main,"Optimization config, objective bounds, simulation callbacks.","Optimization trajectories, selected parameter sets, CSV results.","numpy, os, size_optimization.exp_utils, sys, torch, warnings",UNKNOWN,"Optimization-side code for sizing/search, not a physical GDS implementation source.",OPTIMIZATION_ALGORITHM,False,False,False,True,False,Optimization or estimation logic is not a physical-layout implementation source.,NONE
OYF0050,size_optimization/demo_roseopt.py,optimization_source,.py,31253,775,True,False,True,False,False,False,False,False,This file implements the RoSE-Opt algorithm for SRAM optimization.,"Normalizer, SRAMCircuitEnv, SRAM_BORL","format_initial_result, main, __init__, normalize, denormalize, __init__, reset, step, __init__, _init_gp_model, train, print_final_results, expected_improvement","Optimization config, objective bounds, simulation callbacks.","Optimization trajectories, selected parameter sets, CSV results.","csv, gymnasium, matplotlib.pyplot, numpy, os, pandas, pathlib, random, scipy.stats, size_optimization.borl_model.ppo, size_optimization.exp_utils, sklearn.gaussian_process, sklearn.gaussian_process.kernels, sys, time, torch, tqdm, warnings",size_optimization/run_experiments.py,"Optimization-side code for sizing/search, not a physical GDS implementation source.",OPTIMIZATION_ALGORITHM,False,False,False,True,False,Optimization or estimation logic is not a physical-layout implementation source.,NONE
OYF0051,size_optimization/demo_sa.py,optimization_source,.py,20521,458,True,False,True,False,False,False,False,False,SRAM Circuit Optimization using Simulated Annealing Algorithm,SAOptimizer,"format_initial_result, main, __init__, evaluate, run_optimization, observe","Optimization config, objective bounds, simulation callbacks.","Optimization trajectories, selected parameter sets, CSV results.","numpy, os, pathlib, random, size_optimization.exp_utils, sys, time, torch, traceback, warnings",size_optimization/run_experiments.py,"Optimization-side code for sizing/search, not a physical GDS implementation source.",OPTIMIZATION_ALGORITHM,False,False,False,True,False,Optimization or estimation logic is not a physical-layout implementation source.,NONE
OYF0052,size_optimization/demo_smac.py,optimization_source,.py,10922,281,True,False,True,False,False,False,False,False,SRAM Circuit Optimization using SMAC Algorithm,SMACOptimizer,"main, __init__, _create_config_space, smac_objective, run_optimization","Optimization config, objective bounds, simulation callbacks.","Optimization trajectories, selected parameter sets, CSV results.","ConfigSpace, ConfigSpace.hyperparameters, csv, numpy, os, pathlib, random, size_optimization.exp_utils, smac, smac.runhistory.dataclasses, sys, time, torch, warnings",size_optimization/run_experiments.py,"Optimization-side code for sizing/search, not a physical GDS implementation source.",OPTIMIZATION_ALGORITHM,False,False,False,True,False,Optimization or estimation logic is not a physical-layout implementation source.,NONE
OYF0053,size_optimization/demo_tssbo.py,optimization_source,.py,12380,349,True,False,True,False,False,False,False,False,SRAM Circuit Optimization using tSS-BO (truncated Subspace Sampling Bayesian Optimization),"SRAMParameterSpace, TSSBOOptimizer","main, __init__, dim, convert_params, print_params, __init__, _to_tss, _to_framework, _eval_batch, run","Optimization config, objective bounds, simulation callbacks.","Optimization trajectories, selected parameter sets, CSV results.","math, numpy, os, pickle, size_optimization.exp_utils, src.tSS_BO, src.util, sys, time, torch, warnings",UNKNOWN,"Optimization-side code for sizing/search, not a physical GDS implementation source.",OPTIMIZATION_ALGORITHM,False,False,False,True,False,Optimization or estimation logic is not a physical-layout implementation source.,NONE
OYF0054,size_optimization/exp_utils.py,optimization_source,.py,60525,1372,True,False,True,False,False,False,False,False,Implements or configures SRAM sizing/architecture optimization algorithms.,"ConfigLoader, ModifiedSRAMParameterSpace, CompositeSRAMParameterSpace, BaseOptimizer, OptimizationLogger","seed_set, create_directories, get_default_initial_params, _load_sram_config_from_yaml, get_params_from_yaml, get_peripheral_params_from_yaml, get_composite_initial_params, estimate_scaled_total_area, get_default_normalized_vector, get_default_transistor_features, get_default_fallback_result, run_initial_evaluation, _build_scalar_def, _build_list_def, _is_constant_def, _build_peripheral_defs_from_yaml, apply_params_to_sram_config, collect_peripheral_param_columns","Optimization config, objective bounds, simulation callbacks.","Optimization trajectories, selected parameter sets, CSV results.","PySpice.Unit, __future__, abc, config, csv, json, matplotlib.pyplot, mpl_toolkits.mplot3d, numpy, os, pathlib, random, sram_compiler.testbenches.sram_6t_core_MC_testbench, time, torch, traceback, typing, utils, yaml","size_optimization/demo_cbo.py, size_optimization/demo_cmaes.py, size_optimization/demo_cpn.py, size_optimization/demo_nsgaii.py, size_optimization/demo_pso.py, size_optimization/demo_random.py, size_optimization/demo_roseopt.py, size_optimization/demo_sa.py, size_optimization/demo_smac.py, size_optimization/demo_tssbo.py, size_optimization/experiment.py, size_optimization/run_experiments.py, size_optimization/tongji.py","Optimization-side code for sizing/search, not a physical GDS implementation source.",OPTIMIZATION_ALGORITHM,False,False,False,True,False,Optimization or estimation logic is not a physical-layout implementation source.,NONE
OYF0055,size_optimization/experiment.py,optimization_source,.py,106233,2307,True,False,True,False,False,False,False,False,Two-Stage SRAM Optimization Program,"ArchitectureConfigurationSpace, JointParameterSpace, SAOptimizer, SMACStage1Optimizer, TwoStageOptimizer","evaluate_sram_with_config, main, __init__, _generate_valid_configurations, get_configuration, get_num_configurations, __init__, convert_params, dim, print_params, __init__, _accept_probability, optimize_discrete, optimize_continuous, __init__, smac_objective, optimize_discrete, __init__","Optimization config, objective bounds, simulation callbacks.","Optimization trajectories, selected parameter sets, CSV results.","ConfigSpace, ConfigSpace.hyperparameters, PySpice.Unit, config, csv, datetime, math, matplotlib.pyplot, numpy, os, pathlib, random, size_optimization, size_optimization.exp_utils, smac, sram_compiler.testbenches.sram_6t_core_MC_testbench, sys, time, torch, traceback","size_optimization/demo_nsgaii.py, size_optimization/run_all_algos_test.py, size_optimization/tongji.py","Optimization-side code for sizing/search, not a physical GDS implementation source.",OPTIMIZATION_ALGORITHM,False,False,False,True,False,Optimization or estimation logic is not a physical-layout implementation source.,NONE
OYF0056,size_optimization/model_lib/models.spice,optimization_asset,.spice,11168,156,True,False,False,False,True,False,False,False,Implements or configures SRAM sizing/architecture optimization algorithms.,UNKNOWN,UNKNOWN,Included by simulation/testbench flows.,SPICE model statements or netlist fragments.,UNKNOWN,size_optimization/demo_cbo.py,"Optimization-side code for sizing/search, not a physical GDS implementation source.",OPTIMIZATION_ALGORITHM,False,False,False,True,False,Optimization or estimation logic is not a physical-layout implementation source.,NONE
OYF0057,size_optimization/moead/__init__.py,optimization_source,.py,346,11,True,False,True,False,False,False,False,False,MOEAD (Multi-Objective Evolutionary Algorithm based on Decomposition) Module,NONE,NONE,"Optimization config, objective bounds, simulation callbacks.","Optimization trajectories, selected parameter sets, CSV results.","individual, optimizer, population, problem",UNKNOWN,"Optimization-side code for sizing/search, not a physical GDS implementation source.",OPTIMIZATION_ALGORITHM,False,False,False,True,False,Optimization or estimation logic is not a physical-layout implementation source.,NONE
OYF0058,size_optimization/moead/ga_utils.py,optimization_source,.py,10054,266,True,False,True,False,False,False,False,False,MOEAD遗传算法工具,NONE,"continuous_sbx_crossover, continuous_polynomial_mutation, discrete_crossover, discrete_mutation, mixed_crossover, mixed_mutation, generate_offspring, envolution","Optimization config, objective bounds, simulation callbacks.","Optimization trajectories, selected parameter sets, CSV results.","numpy, random, tqdm, utils",UNKNOWN,"Optimization-side code for sizing/search, not a physical GDS implementation source.",OPTIMIZATION_ALGORITHM,False,False,False,True,False,Optimization or estimation logic is not a physical-layout implementation source.,NONE
OYF0059,size_optimization/moead/individual.py,optimization_source,.py,771,22,True,False,True,False,False,False,False,False,Implements or configures SRAM sizing/architecture optimization algorithms.,Individual,"__init__, __eq__, dominates","Optimization config, objective bounds, simulation callbacks.","Optimization trajectories, selected parameter sets, CSV results.",NONE,"size_optimization/MOBO/acquisition.py, size_optimization/MOBO/problem.py, size_optimization/NSGA-II/problem.py, size_optimization/demo_nsgaii.py, size_optimization/moead/__init__.py, size_optimization/moead/problem.py","Optimization-side code for sizing/search, not a physical GDS implementation source.",OPTIMIZATION_ALGORITHM,False,False,False,True,False,Optimization or estimation logic is not a physical-layout implementation source.,NONE
OYF0060,size_optimization/moead/mean_vector.py,optimization_source,.py,2419,88,True,False,True,False,False,False,False,False,均值向量生成工具,Mean_vector,"__init__, perm, get_mean_vectors, save_mv_to_file, generate","Optimization config, objective bounds, simulation callbacks.","Optimization trajectories, selected parameter sets, CSV results.","numpy, os",size_optimization/moead/utils.py,"Optimization-side code for sizing/search, not a physical GDS implementation source.",OPTIMIZATION_ALGORITHM,False,False,False,True,False,Optimization or estimation logic is not a physical-layout implementation source.,NONE
OYF0061,size_optimization/moead/optimizer.py,optimization_source,.py,5987,0,False,True,True,False,False,False,False,False,Implements or configures SRAM sizing/architecture optimization algorithms.,NONE,NONE,"Optimization config, objective bounds, simulation callbacks.","Optimization trajectories, selected parameter sets, CSV results.",UNKNOWN,size_optimization/moead/__init__.py,"Optimization-side code for sizing/search, not a physical GDS implementation source.",OPTIMIZATION_ALGORITHM,False,False,False,True,False,Optimization or estimation logic is not a physical-layout implementation source.,Binary or non-text asset.
OYF0062,size_optimization/moead/population.py,optimization_source,.py,415,17,True,False,True,False,False,False,False,False,Implements or configures SRAM sizing/architecture optimization algorithms.,Population,"__init__, __len__, __iter__, extend, append","Optimization config, objective bounds, simulation callbacks.","Optimization trajectories, selected parameter sets, CSV results.",NONE,"size_optimization/NSGA-II/evolution.py, size_optimization/NSGA-II/nsga2_utils.py, size_optimization/demo_nsgaii.py, size_optimization/moead/__init__.py","Optimization-side code for sizing/search, not a physical GDS implementation source.",OPTIMIZATION_ALGORITHM,False,False,False,True,False,Optimization or estimation logic is not a physical-layout implementation source.,NONE
OYF0063,size_optimization/moead/problem.py,optimization_source,.py,1899,44,True,False,True,False,False,False,False,False,Implements or configures SRAM sizing/architecture optimization algorithms.,Problem,"__init__, generate_individual, calculate_objectives","Optimization config, objective bounds, simulation callbacks.","Optimization trajectories, selected parameter sets, CSV results.","individual, numpy, random","size_optimization/MOBO/main.py, size_optimization/NSGA-II/main.py, size_optimization/moead/__init__.py","Optimization-side code for sizing/search, not a physical GDS implementation source.",OPTIMIZATION_ALGORITHM,False,False,False,True,False,Optimization or estimation logic is not a physical-layout implementation source.,NONE
OYF0064,size_optimization/moead/utils.py,optimization_source,.py,6222,195,True,False,True,False,False,False,False,False,MOEAD工具函数,NONE,"Load_W, cpt_Z, update_Z, cpt_W_Bi_T, Tchebycheff_dist, cpt_tchbycheff, update_BTX, is_dominate, init_EP, update_EP_By_ID, update_EP_By_Individual, Creat_Pop","Optimization config, objective bounds, simulation callbacks.","Optimization trajectories, selected parameter sets, CSV results.","math, mean_vector, numpy, os, random","demo_run_a_testbench.py, equivalent_modeling/main_sram.py, main_estimation.py, main_sram.py, size_optimization/demo_nsgaii.py, size_optimization/exp_utils.py, size_optimization/moead/ga_utils.py, sram_compiler/testbenches/sram_6t_core_MC_testbench.py, sram_compiler/testbenches/sram_6t_core_testbench.py, yield_estimation/tool/Distribution/multi_cone_cluster.py","Optimization-side code for sizing/search, not a physical GDS implementation source.",OPTIMIZATION_ALGORITHM,False,False,False,True,False,Optimization or estimation logic is not a physical-layout implementation source.,NONE
OYF0065,size_optimization/run_all_algos_test.py,optimization_source,.py,2083,56,True,False,True,False,False,False,True,False,Quick validation test: run all algorithms with minimal iterations,NONE,NONE,"Optimization config, objective bounds, simulation callbacks.","Optimization trajectories, selected parameter sets, CSV results.","experiment, os, sys, time, traceback",UNKNOWN,"Optimization-side code for sizing/search, not a physical GDS implementation source.",OPTIMIZATION_ALGORITHM,False,False,False,True,False,Optimization or estimation logic is not a physical-layout implementation source.,NONE
OYF0066,size_optimization/run_experiments.py,optimization_source,.py,18519,511,True,False,True,False,False,False,False,False,总控实验文件 - 电路优化算法对比实验,"ExperimentRunner, CustomEncoder","main, __init__, run_single_algorithm, run_multiple_algorithms, generate_comparison_report, save_detailed_results, generate_plots, print_best_results, default","Optimization config, objective bounds, simulation callbacks.","Optimization trajectories, selected parameter sets, CSV results.","json, matplotlib.pyplot, os, pandas, pathlib, size_optimization.demo_cbo, size_optimization.demo_pso, size_optimization.demo_roseopt, size_optimization.demo_sa, size_optimization.demo_smac, size_optimization.exp_utils, sys, time, traceback, warnings",UNKNOWN,"Optimization-side code for sizing/search, not a physical GDS implementation source.",OPTIMIZATION_ALGORITHM,False,False,False,True,False,Optimization or estimation logic is not a physical-layout implementation source.,NONE
OYF0067,size_optimization/sram_lef_generator.py,optimization_source,.py,8448,242,True,False,True,False,False,False,False,False,Implements or configures SRAM sizing/architecture optimization algorithms.,NONE,"generate_sram_lef, _write_lef_header, _write_pins, _write_control_pins, _write_address_pins, _write_ioput_pins, _write_power_pins, _write_obstructions, _write_lef_footer, main","Optimization config, objective bounds, simulation callbacks.","Optimization trajectories, selected parameter sets, CSV results.","math, os",UNKNOWN,"Optimization-side code for sizing/search, not a physical GDS implementation source.",OPTIMIZATION_ALGORITHM,False,False,False,True,False,Optimization or estimation logic is not a physical-layout implementation source.,NONE
OYF0068,size_optimization/tongji.py,optimization_source,.py,10571,250,True,False,True,False,False,False,False,False,SRAM 单阵列多模式统计脚本（32KB 总容量）,NONE,"is_valid_combo, compute_num_arrays, main, main_loop, to_float, relative_diff","Optimization config, objective bounds, simulation callbacks.","Optimization trajectories, selected parameter sets, CSV results.","csv, datetime, exp_utils, experiment, os, pathlib, resource, sys, time",UNKNOWN,"Optimization-side code for sizing/search, not a physical GDS implementation source.",OPTIMIZATION_ALGORITHM,False,False,False,True,False,Optimization or estimation logic is not a physical-layout implementation source.,NONE
OYF0069,size_optimization/vector_csv_file/sram_joint_4obj_h17.csv,optimization_asset,.csv,41040,1140,True,False,False,False,False,True,False,False,Implements or configures SRAM sizing/architecture optimization algorithms.,UNKNOWN,UNKNOWN,"Optimization config, objective bounds, simulation callbacks.","Optimization trajectories, selected parameter sets, CSV results.",UNKNOWN,UNKNOWN,"Optimization-side code for sizing/search, not a physical GDS implementation source.",OPTIMIZATION_ALGORITHM,False,False,False,True,False,Optimization or estimation logic is not a physical-layout implementation source.,NONE
OYF0070,size_optimization/vector_csv_file/sram_joint_4obj_h2.csv,optimization_asset,.csv,360,10,True,False,False,False,False,True,False,False,Implements or configures SRAM sizing/architecture optimization algorithms.,UNKNOWN,UNKNOWN,"Optimization config, objective bounds, simulation callbacks.","Optimization trajectories, selected parameter sets, CSV results.",UNKNOWN,UNKNOWN,"Optimization-side code for sizing/search, not a physical GDS implementation source.",OPTIMIZATION_ALGORITHM,False,False,False,True,False,Optimization or estimation logic is not a physical-layout implementation source.,NONE
OYF0071,sram_compiler/config_yaml/config.py,yaml_config,.py,18391,467,True,False,True,False,False,False,False,False,Stores SRAM/global/module parameter configuration consumed by OpenYield netlist generation flows.,"AttrDict, GlobalConfig, Parameter, CircuitConfig, ConfigLoader, SRAM_CONFIG","_abs_path, load_global_config, __init__, __repr__, __init__, _process_performance_metrics, _normalize_metric_bounds, __repr__, get_metric, get_metric_names, get_objective_formula, get_constraints, __init__, _coerce_numeric_like, _validate_types, __repr__, __init__, get_parameter",Manual or scripted parameter edits.,Configuration values consumed by compiler/testbench flows.,"os, typing, yaml","demo_run_a_testbench.py, equivalent_modeling/main_sram.py, main_sram.py, size_optimization/exp_utils.py, size_optimization/experiment.py, sram_compiler/subcircuits/sram_cell_add_equivalent.py","Provides module parameters, array dimensions, device choices, and configuration semantics that can annotate layoutgen inputs.",CONFIG,False,True,False,False,True,Configuration alone cannot prove which physical layout cell should implement a given OpenYield module.,NONE
OYF0072,sram_compiler/config_yaml/decoder.yaml,yaml_config,.yaml,3151,46,True,False,False,True,False,False,False,False,Stores SRAM/global/module parameter configuration consumed by OpenYield netlist generation flows.,UNKNOWN,UNKNOWN,Manual or scripted parameter edits.,Configuration values consumed by compiler/testbench flows.,UNKNOWN,sram_compiler/testbenches/parameter_factor.py,"Provides module parameters, array dimensions, device choices, and configuration semantics that can annotate layoutgen inputs.",CONFIG,False,True,False,False,True,Configuration alone cannot prove which physical layout cell should implement a given OpenYield module.,NONE
OYF0073,sram_compiler/config_yaml/global.yaml,yaml_config,.yaml,4369,74,True,False,False,True,False,False,False,False,Stores SRAM/global/module parameter configuration consumed by OpenYield netlist generation flows.,UNKNOWN,UNKNOWN,Manual or scripted parameter edits.,Configuration values consumed by compiler/testbench flows.,UNKNOWN,UNKNOWN,"Provides module parameters, array dimensions, device choices, and configuration semantics that can annotate layoutgen inputs.",CONFIG,False,True,False,False,True,Configuration alone cannot prove which physical layout cell should implement a given OpenYield module.,NONE
OYF0074,sram_compiler/config_yaml/mux.yaml,yaml_config,.yaml,2975,46,True,False,False,True,False,False,False,False,Stores SRAM/global/module parameter configuration consumed by OpenYield netlist generation flows.,UNKNOWN,UNKNOWN,Manual or scripted parameter edits.,Configuration values consumed by compiler/testbench flows.,UNKNOWN,UNKNOWN,"Provides module parameters, array dimensions, device choices, and configuration semantics that can annotate layoutgen inputs.",CONFIG,False,True,False,False,True,Configuration alone cannot prove which physical layout cell should implement a given OpenYield module.,NONE
OYF0075,sram_compiler/config_yaml/precharge.yaml,yaml_config,.yaml,1896,29,True,False,False,True,False,False,False,False,Stores SRAM/global/module parameter configuration consumed by OpenYield netlist generation flows.,UNKNOWN,UNKNOWN,Manual or scripted parameter edits.,Configuration values consumed by compiler/testbench flows.,UNKNOWN,UNKNOWN,"Provides module parameters, array dimensions, device choices, and configuration semantics that can annotate layoutgen inputs.",CONFIG,False,True,False,False,True,Configuration alone cannot prove which physical layout cell should implement a given OpenYield module.,NONE
OYF0076,sram_compiler/config_yaml/sa.yaml,yaml_config,.yaml,2966,46,True,False,False,True,False,False,False,False,Stores SRAM/global/module parameter configuration consumed by OpenYield netlist generation flows.,UNKNOWN,UNKNOWN,Manual or scripted parameter edits.,Configuration values consumed by compiler/testbench flows.,UNKNOWN,UNKNOWN,"Provides module parameters, array dimensions, device choices, and configuration semantics that can annotate layoutgen inputs.",CONFIG,False,True,False,False,True,Configuration alone cannot prove which physical layout cell should implement a given OpenYield module.,NONE
OYF0077,sram_compiler/config_yaml/sram_10t_cell.yaml,yaml_config,.yaml,4066,59,True,False,False,True,False,False,False,False,Stores SRAM/global/module parameter configuration consumed by OpenYield netlist generation flows.,UNKNOWN,UNKNOWN,Manual or scripted parameter edits.,Configuration values consumed by compiler/testbench flows.,UNKNOWN,UNKNOWN,"Provides module parameters, array dimensions, device choices, and configuration semantics that can annotate layoutgen inputs.",CONFIG,False,True,False,False,True,Configuration alone cannot prove which physical layout cell should implement a given OpenYield module.,NONE
OYF0078,sram_compiler/config_yaml/sram_6t_cell.yaml,yaml_config,.yaml,3823,49,True,False,False,True,False,False,False,False,Stores SRAM/global/module parameter configuration consumed by OpenYield netlist generation flows.,UNKNOWN,UNKNOWN,Manual or scripted parameter edits.,Configuration values consumed by compiler/testbench flows.,UNKNOWN,UNKNOWN,"Provides module parameters, array dimensions, device choices, and configuration semantics that can annotate layoutgen inputs.",CONFIG,False,True,False,False,True,Configuration alone cannot prove which physical layout cell should implement a given OpenYield module.,NONE
OYF0079,sram_compiler/config_yaml/sweep_config.py,yaml_config,.py,2125,51,True,False,True,False,False,False,False,False,SRAM 扫描配置文件,NONE,NONE,Manual or scripted parameter edits.,Configuration values consumed by compiler/testbench flows.,NONE,sram_compiler/testbenches/sram_6t_core_MC_testbench.py,"Provides module parameters, array dimensions, device choices, and configuration semantics that can annotate layoutgen inputs.",CONFIG,False,True,False,False,True,Configuration alone cannot prove which physical layout cell should implement a given OpenYield module.,NONE
OYF0080,sram_compiler/config_yaml/wordline_driver.yaml,yaml_config,.yaml,3140,46,True,False,False,True,False,False,False,False,Stores SRAM/global/module parameter configuration consumed by OpenYield netlist generation flows.,UNKNOWN,UNKNOWN,Manual or scripted parameter edits.,Configuration values consumed by compiler/testbench flows.,UNKNOWN,sram_compiler/testbenches/parameter_factor.py,"Provides module parameters, array dimensions, device choices, and configuration semantics that can annotate layoutgen inputs.",CONFIG,False,True,False,False,True,Configuration alone cannot prove which physical layout cell should implement a given OpenYield module.,NONE
OYF0081,sram_compiler/config_yaml/write_driver.yaml,yaml_config,.yaml,2986,46,True,False,False,True,False,False,False,False,Stores SRAM/global/module parameter configuration consumed by OpenYield netlist generation flows.,UNKNOWN,UNKNOWN,Manual or scripted parameter edits.,Configuration values consumed by compiler/testbench flows.,UNKNOWN,UNKNOWN,"Provides module parameters, array dimensions, device choices, and configuration semantics that can annotate layoutgen inputs.",CONFIG,False,True,False,False,True,Configuration alone cannot prove which physical layout cell should implement a given OpenYield module.,NONE
OYF0082,sram_compiler/subcircuits/base_subcircuit.py,python_subcircuit_source,.py,2321,55,True,False,True,False,False,False,False,False,Defines SRAM or peripheral subcircuit generation logic for SPICE/PySpice netlist construction.,BaseSubcircuit,"__init__, add_rc_networks_to_node",Config objects and module parameters.,PySpice/SPICE subcircuit definitions and connectivity.,"PySpice.Spice.Netlist, PySpice.Unit","sram_compiler/subcircuits/decoder.py, sram_compiler/subcircuits/dummy_row_or_column.py, sram_compiler/subcircuits/mux_and_sa.py, sram_compiler/subcircuits/precharge_and_write_driver.py, sram_compiler/subcircuits/replica_column.py, sram_compiler/subcircuits/sram_10t_core.py, sram_compiler/subcircuits/sram_6t_core.py, sram_compiler/subcircuits/sram_cell_add_equivalent.py, sram_compiler/subcircuits/standard_cell.py, sram_compiler/subcircuits/time_generate.py, sram_compiler/subcircuits/wordline_driver.py",Defines SRAM module/peripheral netlist structure and therefore provides module semantics relevant to layoutgen mapping.,MODULE_DEFINITION,False,True,True,False,True,"Provides electrical/module semantics only; missing direct geometry, placement, and routing correspondence to layoutgen cells.",NONE
OYF0083,sram_compiler/subcircuits/decoder.py,python_subcircuit_source,.py,9259,231,True,False,True,False,False,False,False,False,Defines SRAM or peripheral subcircuit generation logic for SPICE/PySpice netlist construction.,"DECODER3_8, DECODER_CASCADE","__init__, add_decoder_components, __init__",Config objects and module parameters.,PySpice/SPICE subcircuit definitions and connectivity.,"PySpice.Unit, base_subcircuit, math, standard_cell",sram_compiler/testbenches/parameter_factor.py,Defines SRAM module/peripheral netlist structure and therefore provides module semantics relevant to layoutgen mapping.,MODULE_DEFINITION,False,True,True,False,True,"Provides electrical/module semantics only; missing direct geometry, placement, and routing correspondence to layoutgen cells.",NONE
OYF0084,sram_compiler/subcircuits/dummy_row_or_column.py,python_subcircuit_source,.py,8492,228,True,False,True,False,False,False,False,False,Defines SRAM or peripheral subcircuit generation logic for SPICE/PySpice netlist construction.,"Dummy_Cell, Dummy_Column, Dummy_Row","__init__, add_dummy_components, __init__, build_array, __init__, build_array",Config objects and module parameters.,PySpice/SPICE subcircuit definitions and connectivity.,"PySpice.Spice.Netlist, PySpice.Unit, base_subcircuit, os, typing",sram_compiler/testbenches/parameter_factor.py,Defines SRAM module/peripheral netlist structure and therefore provides module semantics relevant to layoutgen mapping.,MODULE_DEFINITION,False,True,True,False,True,"Provides electrical/module semantics only; missing direct geometry, placement, and routing correspondence to layoutgen cells.",NONE
OYF0085,sram_compiler/subcircuits/mux_and_sa.py,python_subcircuit_source,.py,7115,161,True,False,True,False,False,False,False,False,Defines SRAM or peripheral subcircuit generation logic for SPICE/PySpice netlist construction.,"ColumnMux, SenseAmp","__init__, add_switch_transistors, __init__, add_sense_transistors",Config objects and module parameters.,PySpice/SPICE subcircuit definitions and connectivity.,"PySpice.Spice.Netlist, PySpice.Unit, base_subcircuit",sram_compiler/testbenches/parameter_factor.py,Defines SRAM module/peripheral netlist structure and therefore provides module semantics relevant to layoutgen mapping.,MODULE_DEFINITION,False,True,True,False,True,"Provides electrical/module semantics only; missing direct geometry, placement, and routing correspondence to layoutgen cells.",NONE
OYF0086,sram_compiler/subcircuits/precharge_and_write_driver.py,python_subcircuit_source,.py,4477,109,True,False,True,False,False,False,False,False,Defines SRAM or peripheral subcircuit generation logic for SPICE/PySpice netlist construction.,"Precharge, WriteDriver","__init__, add_precharge_transistors, __init__, add_driver_transistors",Config objects and module parameters.,PySpice/SPICE subcircuit definitions and connectivity.,"PySpice.Spice.Netlist, PySpice.Unit, base_subcircuit",sram_compiler/testbenches/parameter_factor.py,Defines SRAM module/peripheral netlist structure and therefore provides module semantics relevant to layoutgen mapping.,MODULE_DEFINITION,False,True,True,False,True,"Provides electrical/module semantics only; missing direct geometry, placement, and routing correspondence to layoutgen cells.",NONE
OYF0087,sram_compiler/subcircuits/replica_column.py,python_subcircuit_source,.py,8608,204,True,False,True,False,False,False,False,False,Defines SRAM or peripheral subcircuit generation logic for SPICE/PySpice netlist construction.,"Replica_Cell, Replica_Column","__init__, add_6T_cell, add_10T_cell, __init__, build_array",Config objects and module parameters.,PySpice/SPICE subcircuit definitions and connectivity.,"PySpice.Spice.Netlist, PySpice.Unit, base_subcircuit, os, sram_6t_core, typing",sram_compiler/testbenches/parameter_factor.py,Defines SRAM module/peripheral netlist structure and therefore provides module semantics relevant to layoutgen mapping.,MODULE_DEFINITION,False,True,True,False,True,"Provides electrical/module semantics only; missing direct geometry, placement, and routing correspondence to layoutgen cells.",NONE
OYF0088,sram_compiler/subcircuits/sram_10t_core.py,python_subcircuit_source,.py,13490,303,True,False,True,False,False,False,False,False,Defines SRAM or peripheral subcircuit generation logic for SPICE/PySpice netlist construction.,"Sram10TCell, Sram10TCore","__init__, add_usrdefine_mos_model, add_10T_cell, __init__, build_array, _normalize_real_cell_mode, _should_instantiate_real_cell, _is_unused_cell, _count_unused_cells_in_row, _count_unused_cells_in_col, _count_total_unused_cells",Config objects and module parameters.,PySpice/SPICE subcircuit definitions and connectivity.,"PySpice.Spice.Netlist, PySpice.Unit, base_subcircuit, sram_cell_add_equivalent","sram_compiler/subcircuits/sram_cell_add_equivalent.py, sram_compiler/testbenches/parameter_factor.py",Defines SRAM module/peripheral netlist structure and therefore provides module semantics relevant to layoutgen mapping.,MODULE_DEFINITION,False,True,True,False,True,"Provides electrical/module semantics only; missing direct geometry, placement, and routing correspondence to layoutgen cells.",NONE
OYF0089,sram_compiler/subcircuits/sram_6t_core.py,python_subcircuit_source,.py,12087,279,True,False,True,False,False,False,False,False,Defines SRAM or peripheral subcircuit generation logic for SPICE/PySpice netlist construction.,"Sram6TCell, Sram6TCore","__init__, add_usrdefine_mos_model, add_6T_cell, __init__, build_array, _normalize_real_cell_mode, _should_instantiate_real_cell, _is_unused_cell, _count_unused_cells_in_row, _count_unused_cells_in_col, _count_total_unused_cells",Config objects and module parameters.,PySpice/SPICE subcircuit definitions and connectivity.,"PySpice.Spice.Netlist, PySpice.Unit, base_subcircuit, sram_cell_add_equivalent","sram_compiler/subcircuits/replica_column.py, sram_compiler/subcircuits/sram_cell_add_equivalent.py, sram_compiler/testbenches/parameter_factor.py",Defines SRAM module/peripheral netlist structure and therefore provides module semantics relevant to layoutgen mapping.,MODULE_DEFINITION,False,True,True,False,True,"Provides electrical/module semantics only; missing direct geometry, placement, and routing correspondence to layoutgen cells.",NONE
OYF0090,sram_compiler/subcircuits/sram_cell_add_equivalent.py,python_subcircuit_source,.py,41590,879,True,False,True,False,False,False,False,False,Equivalent-circuit model for unused SRAM cells.,SRAMCellParasiticTester,"_build_blue_orange_cmap, last_proportion_mean, _load_default_config, _build_tester_from_core, _add_wl_controlled_static_power, _add_equivalent_circuit_impl, add_6t_equivalent_circuit, add_10t_equivalent_circuit, __init__, _build_sram_cell, _init_circuit, _get_pwl_waveform, _remove_port_sources, _configure_test_sources, get_current, _get_charge, run_sram_transient, extract_parasitic_caps",Config objects and module parameters.,PySpice/SPICE subcircuit definitions and connectivity.,"PySpice.Spice.Netlist, PySpice.Unit, base_subcircuit, matplotlib.colors, matplotlib.pyplot, numpy, os, pathlib, scipy.optimize, sram_10t_core, sram_6t_core, sram_compiler.config_yaml.config, sys","sram_compiler/subcircuits/sram_10t_core.py, sram_compiler/subcircuits/sram_6t_core.py",Defines SRAM module/peripheral netlist structure and therefore provides module semantics relevant to layoutgen mapping.,MODULE_DEFINITION,False,True,True,False,True,"Provides electrical/module semantics only; missing direct geometry, placement, and routing correspondence to layoutgen cells.",NONE
OYF0091,sram_compiler/subcircuits/standard_cell.py,python_subcircuit_source,.py,14044,360,True,False,True,False,False,False,False,False,Defines SRAM or peripheral subcircuit generation logic for SPICE/PySpice netlist construction.,"Pinv, PNAND2, PNAND3, Pbuff, AND2, AND3, D_latch","__init__, add_inverter_transistors, __init__, add_nand2_transistors, __init__, add_nand3_transistors, __init__, add_buffer_transistors, __init__, add_and3_components, __init__, add_and3_components, __init__, add_d_latch_components",Config objects and module parameters.,PySpice/SPICE subcircuit definitions and connectivity.,"PySpice.Spice.Netlist, PySpice.Unit, base_subcircuit","sram_compiler/subcircuits/decoder.py, sram_compiler/subcircuits/time_generate.py, sram_compiler/subcircuits/wordline_driver.py, sram_compiler/testbenches/sram_6t_core_testbench.py",Defines SRAM module/peripheral netlist structure and therefore provides module semantics relevant to layoutgen mapping.,MODULE_DEFINITION,False,True,True,False,True,"Provides electrical/module semantics only; missing direct geometry, placement, and routing correspondence to layoutgen cells.",NONE
OYF0092,sram_compiler/subcircuits/time_generate.py,python_subcircuit_source,.py,28180,767,True,False,True,False,False,False,False,False,Defines SRAM or peripheral subcircuit generation logic for SPICE/PySpice netlist construction.,"TransmissionGate, pdrive, pdrive2_for_pre, wl_pdrive, dff, DFF_BUF, DelayChain, WenDelayChain, ADDR_DFF, DATA_DFF, TIME","__init__, add_transmission_gate, __init__, add_buffer_chain, __init__, add_buffer_chain, __init__, add_buffer_chain, __init__, add_dff, __init__, add_dff_buf, __init__, add_delay_chain, __init__, add_delay_chain, __init__, add_addr_dff_array",Config objects and module parameters.,PySpice/SPICE subcircuit definitions and connectivity.,"PySpice.Unit, base_subcircuit, math, standard_cell",sram_compiler/testbenches/parameter_factor.py,Defines SRAM module/peripheral netlist structure and therefore provides module semantics relevant to layoutgen mapping.,MODULE_DEFINITION,False,True,True,False,True,"Provides electrical/module semantics only; missing direct geometry, placement, and routing correspondence to layoutgen cells.",NONE
OYF0093,sram_compiler/subcircuits/wordline_driver.py,python_subcircuit_source,.py,3400,79,True,False,True,False,False,False,False,False,Defines SRAM or peripheral subcircuit generation logic for SPICE/PySpice netlist construction.,WordlineDriver,"__init__, add_driver_components",Config objects and module parameters.,PySpice/SPICE subcircuit definitions and connectivity.,"PySpice.Unit, base_subcircuit, standard_cell",sram_compiler/testbenches/parameter_factor.py,Defines SRAM module/peripheral netlist structure and therefore provides module semantics relevant to layoutgen mapping.,MODULE_DEFINITION,False,True,True,False,True,"Provides electrical/module semantics only; missing direct geometry, placement, and routing correspondence to layoutgen cells.",NONE
OYF0094,sram_compiler/testbenches/base_testbench.py,python_testbench_source,.py,3477,91,True,False,True,False,False,False,True,False,Builds simulation testbenches and result-processing flows around generated SRAM netlists.,BaseTestbench,"__init__, set_vdd, set_timing_parameters, create_read_periphery, create_write_periphery, create_testbench, run_simulation","Config objects, subcircuit instances, simulation targets, process settings.","Executable SRAM testbenches, netlists, parsed results.","PySpice.Spice.Netlist, PySpice.Unit, os",sram_compiler/testbenches/sram_6t_core_testbench.py,Builds executable SRAM testbench/netlist contexts; relevant for tracing how OpenYield instantiates and connects modules.,NETLIST_SOURCE,False,True,False,False,True,UNKNOWN,NONE
OYF0095,sram_compiler/testbenches/parameter_factor.py,python_testbench_source,.py,45777,1168,True,False,True,False,False,False,True,False,Builds simulation testbenches and result-processing flows around generated SRAM netlists.,"SenseAmpFactory, ColumnMuxFactory, PrechargeFactory, WriteDriverFactory, WordlineDriverFactory, Sram6TCellFactory, Sram6TCoreFactory, DecoderCascadeFactory, DummyColumnFactory, DummyRowFactory, ReplicaColumnFactory, TIMEFactory","read_mos_model_from_param_file, __init__, _get_config, create, __init__, _get_config, create, __init__, _calculate_dynamic_width, _get_config, create, __init__, _calculate_dynamic_width, _get_config, create, __init__, _calculate_inv_width, _get_config","Config objects, subcircuit instances, simulation targets, process settings.","Executable SRAM testbenches, netlists, parsed results.","PySpice.Unit, sram_compiler.subcircuits.decoder, sram_compiler.subcircuits.dummy_row_or_column, sram_compiler.subcircuits.mux_and_sa, sram_compiler.subcircuits.precharge_and_write_driver, sram_compiler.subcircuits.replica_column, sram_compiler.subcircuits.sram_10t_core, sram_compiler.subcircuits.sram_6t_core, sram_compiler.subcircuits.time_generate, sram_compiler.subcircuits.wordline_driver",sram_compiler/testbenches/sram_6t_core_testbench.py,Builds executable SRAM testbench/netlist contexts; relevant for tracing how OpenYield instantiates and connects modules.,NETLIST_SOURCE,False,True,False,False,True,UNKNOWN,NONE
OYF0096,sram_compiler/testbenches/snm.py,python_testbench_source,.py,11042,366,True,False,True,False,False,False,True,False,Builds simulation testbenches and result-processing flows around generated SRAM netlists.,NONE,"split_xyce_prn_runs, find_crossings, extract_classical_snm_from_run, build_stats_table, extract_write_snm_from_run, process_xyce_montecarlo_prn","Config objects, subcircuit instances, simulation targets, process settings.","Executable SRAM testbenches, netlists, parsed results.","math, numpy, os, pandas, pathlib, regex, typing",sram_compiler/testbenches/sram_6t_core_MC_testbench.py,Builds executable SRAM testbench/netlist contexts; relevant for tracing how OpenYield instantiates and connects modules.,NETLIST_SOURCE,False,True,False,False,True,UNKNOWN,NONE
OYF0097,sram_compiler/testbenches/sram_6t_core_MC_testbench.py,python_testbench_source,.py,42756,904,True,False,True,False,False,False,True,False,Builds simulation testbenches and result-processing flows around generated SRAM netlists.,Sram6TCoreMcTestbench,"__init__, create_mc_model_file, create_testbench, add_meas_and_print, add_analysis, get_table_head, gen_process_params, _extract_sweep_rows, gen_param_sweep_generic, gen_model_sweep_generic, run_mc_simulation, _col","Config objects, subcircuit instances, simulation targets, process settings.","Executable SRAM testbenches, netlists, parsed results.","PySpice.Spice.Netlist, PySpice.Unit, math, numpy, os, pandas, sram_compiler.config_yaml.sweep_config, sram_compiler.testbenches.snm, sram_compiler.testbenches.sram_6t_core_testbench, subprocess, utils","demo_run_a_testbench.py, equivalent_modeling/main_sram.py, main_estimation.py, main_sram.py, plot_data.py, size_optimization/exp_utils.py, size_optimization/experiment.py",Builds executable SRAM testbench/netlist contexts; relevant for tracing how OpenYield instantiates and connects modules.,NETLIST_SOURCE,False,True,False,False,True,UNKNOWN,NONE
OYF0098,sram_compiler/testbenches/sram_6t_core_testbench.py,python_testbench_source,.py,53505,1093,True,False,True,False,False,False,True,False,Builds simulation testbenches and result-processing flows around generated SRAM netlists.,Sram6TCoreTestbench,"__init__, create_time_circuit, add_cs_startup_clamp, create_replica_column, create_dummy_column, create_dummy_row, create_dummy_row_2, create_and2_for_rwl, create_decoder, create_wl_driver, create_D_latch, create_read_periphery, create_write_periphery, create_single_cell_for_snm, data_init, create_testbench","Config objects, subcircuit instances, simulation targets, process settings.","Executable SRAM testbenches, netlists, parsed results.","PySpice.Spice.Netlist, PySpice.Unit, math, sram_compiler.subcircuits.standard_cell, sram_compiler.testbenches.base_testbench, sram_compiler.testbenches.parameter_factor, utils","equivalent_modeling/main_sram.py, main_estimation.py, plot_data.py, sram_compiler/testbenches/sram_6t_core_MC_testbench.py",Builds executable SRAM testbench/netlist contexts; relevant for tracing how OpenYield instantiates and connects modules.,NETLIST_SOURCE,False,True,False,False,True,UNKNOWN,NONE
OYF0099,sram_compiler/testbenches/yaml_change.py,python_testbench_source,.py,3820,135,True,False,True,False,False,False,True,False,Builds simulation testbenches and result-processing flows around generated SRAM netlists.,NONE,"update_sram6t_yaml_inplace, update_global_yaml_inplace, summarize_from_csv","Config objects, subcircuit instances, simulation targets, process settings.","Executable SRAM testbenches, netlists, parsed results.","numpy, pandas, ruamel.yaml, typing",main_sram.py,Builds executable SRAM testbench/netlist contexts; relevant for tracing how OpenYield instantiates and connects modules.,NETLIST_SOURCE,False,True,False,False,True,UNKNOWN,NONE
OYF0100,tran_models/models_FF.spice,spice_model,.spice,33457,457,True,False,False,False,True,False,False,False,SPICE model or netlist-related source used by simulation flows.,UNKNOWN,UNKNOWN,Included by simulation/testbench flows.,SPICE model statements or netlist fragments.,UNKNOWN,UNKNOWN,PDK transistor model deck for SPICE simulation; required for simulation fidelity but not a GDS layout source.,DATASET,False,False,False,False,False,Process model deck affects simulation behavior only and cannot map modules to GDS geometry.,NONE
OYF0101,tran_models/models_FS.spice,spice_model,.spice,33424,456,True,False,False,False,True,False,False,False,SPICE model or netlist-related source used by simulation flows.,UNKNOWN,UNKNOWN,Included by simulation/testbench flows.,SPICE model statements or netlist fragments.,UNKNOWN,UNKNOWN,PDK transistor model deck for SPICE simulation; required for simulation fidelity but not a GDS layout source.,DATASET,False,False,False,False,False,Process model deck affects simulation behavior only and cannot map modules to GDS geometry.,NONE
OYF0102,tran_models/models_SF.spice,spice_model,.spice,33430,456,True,False,False,False,True,False,False,False,SPICE model or netlist-related source used by simulation flows.,UNKNOWN,UNKNOWN,Included by simulation/testbench flows.,SPICE model statements or netlist fragments.,UNKNOWN,UNKNOWN,PDK transistor model deck for SPICE simulation; required for simulation fidelity but not a GDS layout source.,DATASET,False,False,False,False,False,Process model deck affects simulation behavior only and cannot map modules to GDS geometry.,NONE
OYF0103,tran_models/models_SS.spice,spice_model,.spice,33433,456,True,False,False,False,True,False,False,False,SPICE model or netlist-related source used by simulation flows.,UNKNOWN,UNKNOWN,Included by simulation/testbench flows.,SPICE model statements or netlist fragments.,UNKNOWN,UNKNOWN,PDK transistor model deck for SPICE simulation; required for simulation fidelity but not a GDS layout source.,DATASET,False,False,False,False,False,Process model deck affects simulation behavior only and cannot map modules to GDS geometry.,NONE
OYF0104,tran_models/models_TT.spice,spice_model,.spice,33444,456,True,False,False,False,True,False,False,False,SPICE model or netlist-related source used by simulation flows.,UNKNOWN,UNKNOWN,Included by simulation/testbench flows.,SPICE model statements or netlist fragments.,UNKNOWN,UNKNOWN,PDK transistor model deck for SPICE simulation; required for simulation fidelity but not a GDS layout source.,DATASET,False,False,False,False,False,Process model deck affects simulation behavior only and cannot map modules to GDS geometry.,NONE
OYF0105,utils.py,source_code,.py,31766,931,True,False,True,False,False,False,False,False,UNKNOWN,NONE,"parse_mc_measurements, generate_mc_statistics, save_mc_results, read_prn_with_preprocess, split_blocks, visualize_results, process_simulation_data, _normalize_sram_cell_type, estimate_bitcell_area, estimate_total_area, estimate_array_area, estimate_array_macro_area, estimate_total_macro_area, _cell_width_metric, _cell_height_metric, estimate_scaled_array_area, parse_spice_models, remove_comments",CSV or numeric result files.,Plots or visualizations.,"math, matplotlib.lines, matplotlib.pyplot, matplotlib.ticker, numpy, pandas, pathlib, re, typing","demo_run_a_testbench.py, equivalent_modeling/main_sram.py, main_estimation.py, main_sram.py, size_optimization/demo_nsgaii.py, size_optimization/exp_utils.py, size_optimization/moead/ga_utils.py, sram_compiler/testbenches/sram_6t_core_MC_testbench.py, sram_compiler/testbenches/sram_6t_core_testbench.py, yield_estimation/tool/Distribution/multi_cone_cluster.py",Project-level utility or environment helper with indirect integration relevance only.,UTILITY,False,False,False,False,False,UNKNOWN,NONE
OYF0106,yield_estimation/README.md,yield_estimation_asset,.md,2922,67,True,False,False,False,False,False,False,True,Implements SRAM yield-estimation algorithms and related statistical utilities.,UNKNOWN,UNKNOWN,"Simulation outcome model, distributions, pass/fail criteria.",Failure-rate or yield-estimation statistics.,UNKNOWN,UNKNOWN,"Yield-estimation/statistical code, largely orthogonal to physical layout generation.",OPTIMIZATION_ALGORITHM,False,False,False,True,False,Optimization or estimation logic is not a physical-layout implementation source.,NONE
OYF0107,yield_estimation/__init__.py,yield_estimation_source,.py,42,2,True,False,True,False,False,False,False,False,Implements SRAM yield-estimation algorithms and related statistical utilities.,NONE,NONE,"Simulation outcome model, distributions, pass/fail criteria.",Failure-rate or yield-estimation statistics.,NONE,UNKNOWN,"Yield-estimation/statistical code, largely orthogonal to physical layout generation.",OPTIMIZATION_ALGORITHM,False,False,False,True,False,Optimization or estimation logic is not a physical-layout implementation source.,NONE
OYF0108,yield_estimation/bound_lib/model_108_bound.txt,yield_estimation_asset,.txt,5279,2,True,False,False,False,False,True,False,False,Implements SRAM yield-estimation algorithms and related statistical utilities.,UNKNOWN,UNKNOWN,"Simulation outcome model, distributions, pass/fail criteria.",Failure-rate or yield-estimation statistics.,UNKNOWN,UNKNOWN,"Yield-estimation/statistical code, largely orthogonal to physical layout generation.",OPTIMIZATION_ALGORITHM,False,False,False,True,False,Optimization or estimation logic is not a physical-layout implementation source.,NONE
OYF0109,yield_estimation/bound_lib/model_1152_bound3.txt,yield_estimation_asset,.txt,56319,2,True,False,False,False,False,True,False,False,Implements SRAM yield-estimation algorithms and related statistical utilities.,UNKNOWN,UNKNOWN,"Simulation outcome model, distributions, pass/fail criteria.",Failure-rate or yield-estimation statistics.,UNKNOWN,UNKNOWN,"Yield-estimation/statistical code, largely orthogonal to physical layout generation.",OPTIMIZATION_ALGORITHM,False,False,False,True,False,Optimization or estimation logic is not a physical-layout implementation source.,NONE
OYF0110,yield_estimation/bound_lib/model_18_bound.txt,yield_estimation_asset,.txt,879,2,True,False,False,False,False,True,False,False,Implements SRAM yield-estimation algorithms and related statistical utilities.,UNKNOWN,UNKNOWN,"Simulation outcome model, distributions, pass/fail criteria.",Failure-rate or yield-estimation statistics.,UNKNOWN,UNKNOWN,"Yield-estimation/statistical code, largely orthogonal to physical layout generation.",OPTIMIZATION_ALGORITHM,False,False,False,True,False,Optimization or estimation logic is not a physical-layout implementation source.,NONE
OYF0111,yield_estimation/bound_lib/model_bound_576.txt,yield_estimation_asset,.txt,28159,2,True,False,False,False,False,True,False,False,Implements SRAM yield-estimation algorithms and related statistical utilities.,UNKNOWN,UNKNOWN,"Simulation outcome model, distributions, pass/fail criteria.",Failure-rate or yield-estimation statistics.,UNKNOWN,UNKNOWN,"Yield-estimation/statistical code, largely orthogonal to physical layout generation.",OPTIMIZATION_ALGORITHM,False,False,False,True,False,Optimization or estimation logic is not a physical-layout implementation source.,NONE
OYF0112,yield_estimation/demo_6tstamTestbench.py,yield_estimation_source,.py,0,0,True,False,True,False,False,False,True,False,Implements SRAM yield-estimation algorithms and related statistical utilities.,NONE,NONE,"Simulation outcome model, distributions, pass/fail criteria.",Failure-rate or yield-estimation statistics.,NONE,UNKNOWN,"Yield-estimation/statistical code, largely orthogonal to physical layout generation.",OPTIMIZATION_ALGORITHM,False,False,False,True,False,Optimization or estimation logic is not a physical-layout implementation source.,NONE
OYF0113,yield_estimation/model_lib/ACS.py,yield_estimation_source,.py,13308,273,True,False,True,False,False,False,False,False,Implements SRAM yield-estimation algorithms and related statistical utilities.,ACS,"__init__, save_y_to_txt, indicator, _identify_fail, _IS_bound, _construct_mixture_norm, _calculate_weight, _calculate_val, _calculate_fail_rate, _calculate_fail_rate_this_round, _calculate_FOM, _initial_sampling, _save_result, start_estimate","Simulation outcome model, distributions, pass/fail criteria.",Failure-rate or yield-estimation statistics.,"mpmath, numpy, os, sys, time, tool.Distribution.gmm_v2, tool.Distribution.multi_cone_cluster, tool.Distribution.normal_v1, tool.delete, tool.util","demo_run_a_testbench.py, main_estimation.py","Yield-estimation/statistical code, largely orthogonal to physical layout generation.",OPTIMIZATION_ALGORITHM,False,False,False,True,False,Optimization or estimation logic is not a physical-layout implementation source.,NONE
OYF0114,yield_estimation/model_lib/AIS.py,yield_estimation_source,.py,15395,317,True,False,True,False,False,False,False,False,Implements SRAM yield-estimation algorithms and related statistical utilities.,AIS,"__init__, save_y_to_txt, indicator, save_result, indicator_func, _IS_bound, pre_sampling, calculate_weights, _calculate_fail_rate, _calculate_FOM, _calculate_val, resampling, resampling_new, _construct_mixture_norm, start_estimate","Simulation outcome model, distributions, pass/fail criteria.",Failure-rate or yield-estimation statistics.,"numpy, os, pandas, sys, time, tool.Distribution.gmm_v2, tool.Distribution.normal_v1, tool.delete, tool.util, torch, torch.nn","demo_run_a_testbench.py, main_estimation.py","Yield-estimation/statistical code, largely orthogonal to physical layout generation.",OPTIMIZATION_ALGORITHM,False,False,False,True,False,Optimization or estimation logic is not a physical-layout implementation source.,NONE
OYF0115,yield_estimation/model_lib/HSCS.py,yield_estimation_source,.py,18975,412,True,False,True,False,False,False,False,False,Implements SRAM yield-estimation algorithms and related statistical utilities.,HSCS,"__init__, save_y_to_txt, indicator, indicator_func, _IS_bound, sample_on_sphere, pre_sampling, normr, get_radius, get_weights, weighted_sphere_Kmeans, find_min_norm, get_cluster_ratios, _construct_mixture_norm, save_result, _calculate_fail_rate_this_round, _calculate_fail_rate, _calculate_FOM","Simulation outcome model, distributions, pass/fail criteria.",Failure-rate or yield-estimation statistics.,"numpy, os, sklearn.cluster, sys, time, tool.Distribution.gmm_v2, tool.delete, tool.util, torch.nn","demo_run_a_testbench.py, main_estimation.py","Yield-estimation/statistical code, largely orthogonal to physical layout generation.",OPTIMIZATION_ALGORITHM,False,False,False,True,False,Optimization or estimation logic is not a physical-layout implementation source.,NONE
OYF0116,yield_estimation/model_lib/MC.py,yield_estimation_source,.py,7317,158,True,False,True,False,False,False,False,False,Implements SRAM yield-estimation algorithms and related statistical utilities.,MC,"seed_torch, __init__, save_y_to_txt, indicator, save_result, _get_new_y, _evaluate, _get_initial_sample, rearrage_x, _IS_bound, start_estimate","Simulation outcome model, distributions, pass/fail criteria.",Failure-rate or yield-estimation statistics.,"numpy, os, random, sys, time, tool.Distribution.normal_v1, tool.delete, tool.util, torch","demo_run_a_testbench.py, main_estimation.py","Yield-estimation/statistical code, largely orthogonal to physical layout generation.",OPTIMIZATION_ALGORITHM,False,False,False,True,False,Optimization or estimation logic is not a physical-layout implementation source.,NONE
OYF0117,yield_estimation/model_lib/MNIS.py,yield_estimation_source,.py,9923,206,True,False,True,False,False,False,False,False,Implements SRAM yield-estimation algorithms and related statistical utilities.,MNIS,"__init__, save_y_to_txt, indicator, _calculate_val, _calculate_fail_rate_this_round, _calculate_fail_rate, _calculate_FOM, _save_result, _initial_sampling, _IS_bound, start_estimate","Simulation outcome model, distributions, pass/fail criteria.",Failure-rate or yield-estimation statistics.,"numpy, os, sys, time, tool.Distribution.normal_v1, tool.delete, tool.util","demo_run_a_testbench.py, main_estimation.py","Yield-estimation/statistical code, largely orthogonal to physical layout generation.",OPTIMIZATION_ALGORITHM,False,False,False,True,False,Optimization or estimation logic is not a physical-layout implementation source.,NONE
OYF0118,yield_estimation/model_lib/__init__.py,yield_estimation_source,.py,0,0,True,False,True,False,False,False,False,False,Implements SRAM yield-estimation algorithms and related statistical utilities.,NONE,NONE,"Simulation outcome model, distributions, pass/fail criteria.",Failure-rate or yield-estimation statistics.,NONE,UNKNOWN,"Yield-estimation/statistical code, largely orthogonal to physical layout generation.",OPTIMIZATION_ALGORITHM,False,False,False,True,False,Optimization or estimation logic is not a physical-layout implementation source.,NONE
OYF0119,yield_estimation/tool/Distribution/__init__.py,yield_estimation_source,.py,0,0,True,False,True,False,False,False,False,False,Implements SRAM yield-estimation algorithms and related statistical utilities.,NONE,NONE,"Simulation outcome model, distributions, pass/fail criteria.",Failure-rate or yield-estimation statistics.,NONE,UNKNOWN,"Yield-estimation/statistical code, largely orthogonal to physical layout generation.",OPTIMIZATION_ALGORITHM,False,False,False,True,False,Optimization or estimation logic is not a physical-layout implementation source.,NONE
OYF0120,yield_estimation/tool/Distribution/gmm_v1.py,yield_estimation_source,.py,25472,622,True,False,True,False,False,False,False,False,Handmade distribution of Gaussian mixture model  手工实现高斯混合模型,"GaussianMixture, mixture_gaussian","calculate_matmul_n_times, calculate_matmul, __init__, _init_params, check_size, bic, fit, predict, predict_proba, sample, score_samples, _estimate_log_prob, _calculate_log_det, _e_step, _m_step, __em, __score, __update_mu","Simulation outcome model, distributions, pass/fail criteria.",Failure-rate or yield-estimation statistics.,"math, mpmath, numpy, scipy.special, torch",UNKNOWN,"Yield-estimation/statistical code, largely orthogonal to physical layout generation.",OPTIMIZATION_ALGORITHM,False,False,False,True,False,Optimization or estimation logic is not a physical-layout implementation source.,NONE
OYF0121,yield_estimation/tool/Distribution/gmm_v2.py,yield_estimation_source,.py,22015,595,True,False,True,False,False,False,False,False,Handmade distribution of Gaussian mixture model,"GaussianMixture, mixture_gaussian","calculate_matmul_n_times, calculate_matmul, __init__, _init_params, check_size, bic, fit, predict, predict_proba, sample, score_samples, _estimate_log_prob, _calculate_log_det, _e_step, _m_step, __em, __score, __update_mu","Simulation outcome model, distributions, pass/fail criteria.",Failure-rate or yield-estimation statistics.,"math, mpmath, numpy, scipy.special, torch","demo_run_a_testbench.py, main_estimation.py, yield_estimation/model_lib/ACS.py, yield_estimation/model_lib/AIS.py, yield_estimation/model_lib/HSCS.py","Yield-estimation/statistical code, largely orthogonal to physical layout generation.",OPTIMIZATION_ALGORITHM,False,False,False,True,False,Optimization or estimation logic is not a physical-layout implementation source.,NONE
OYF0122,yield_estimation/tool/Distribution/guassian_distribution.py,yield_estimation_source,.py,28324,598,True,False,True,False,False,False,False,False,Implements SRAM yield-estimation algorithms and related statistical utilities.,Guassian_distribution,"__init__, replace_zeros, Ourmodel_estimate_log_prob, ACS_estimate_log_prob, ACS_estimate_log_prob_for1093, HSCS_estimate_log_prob, AIS_estimate_log_prob, AIS_estimate_log_prob_v2, AIS_estimate_log_prob_for1093, Ourmodel_Sample_propagation, ACS_Sample_propagation, check_allzero, ACS_Sample_propagation_for1093, ACS_Sample_propagation_new, HSCS_Sample_propagation, AIS_Sample_propagation, AIS_Sample_propagation_v2, AIS_Sample_propagation_for1093","Simulation outcome model, distributions, pass/fail criteria.",Failure-rate or yield-estimation statistics.,"Code.Exp.Data.SPICE_case2.SPICE_case2, copy, gpytorch, mpmath, numpy, sys, torch",UNKNOWN,"Yield-estimation/statistical code, largely orthogonal to physical layout generation.",OPTIMIZATION_ALGORITHM,False,False,False,True,False,Optimization or estimation logic is not a physical-layout implementation source.,NONE
OYF0123,yield_estimation/tool/Distribution/multi_cone_cluster.py,yield_estimation_source,.py,1328,39,True,False,True,False,False,False,False,False,Implements SRAM yield-estimation algorithms and related statistical utilities.,cone_cluster,"__init__, cluster","Simulation outcome model, distributions, pass/fail criteria.",Failure-rate or yield-estimation statistics.,"Distribution.utils, numpy, time",yield_estimation/model_lib/ACS.py,"Yield-estimation/statistical code, largely orthogonal to physical layout generation.",OPTIMIZATION_ALGORITHM,False,False,False,True,False,Optimization or estimation logic is not a physical-layout implementation source.,NONE
OYF0124,yield_estimation/tool/Distribution/normal_v1.py,yield_estimation_source,.py,1220,43,True,False,True,False,False,False,False,False,normal distribution  正态分布,norm_dist,"__init__, sample, log_pdf, log_cdf, pdf","Simulation outcome model, distributions, pass/fail criteria.",Failure-rate or yield-estimation statistics.,"math, mpmath, numpy, scipy.special, scipy.stats","demo_run_a_testbench.py, main_estimation.py, yield_estimation/model_lib/ACS.py, yield_estimation/model_lib/AIS.py, yield_estimation/model_lib/MC.py, yield_estimation/model_lib/MNIS.py","Yield-estimation/statistical code, largely orthogonal to physical layout generation.",OPTIMIZATION_ALGORITHM,False,False,False,True,False,Optimization or estimation logic is not a physical-layout implementation source.,NONE
OYF0125,yield_estimation/tool/Distribution/utils.py,yield_estimation_source,.py,1261,42,True,False,True,False,False,False,False,False,Implements SRAM yield-estimation algorithms and related statistical utilities.,NONE,"normalize, cos_distance","Simulation outcome model, distributions, pass/fail criteria.",Failure-rate or yield-estimation statistics.,numpy,"demo_run_a_testbench.py, equivalent_modeling/main_sram.py, main_estimation.py, main_sram.py, size_optimization/demo_nsgaii.py, size_optimization/exp_utils.py, size_optimization/moead/ga_utils.py, sram_compiler/testbenches/sram_6t_core_MC_testbench.py, sram_compiler/testbenches/sram_6t_core_testbench.py, yield_estimation/tool/Distribution/multi_cone_cluster.py","Yield-estimation/statistical code, largely orthogonal to physical layout generation.",OPTIMIZATION_ALGORITHM,False,False,False,True,False,Optimization or estimation logic is not a physical-layout implementation source.,NONE
OYF0126,yield_estimation/tool/__init__.py,yield_estimation_source,.py,42,2,True,False,True,False,False,False,False,False,Implements SRAM yield-estimation algorithms and related statistical utilities.,NONE,NONE,"Simulation outcome model, distributions, pass/fail criteria.",Failure-rate or yield-estimation statistics.,NONE,UNKNOWN,"Yield-estimation/statistical code, largely orthogonal to physical layout generation.",OPTIMIZATION_ALGORITHM,False,False,False,True,False,Optimization or estimation logic is not a physical-layout implementation source.,NONE
OYF0127,yield_estimation/tool/delete.py,yield_estimation_source,.py,835,23,True,False,True,False,False,False,False,False,Implements SRAM yield-estimation algorithms and related statistical utilities.,NONE,delete_folder_content,"Simulation outcome model, distributions, pass/fail criteria.",Failure-rate or yield-estimation statistics.,"os, shutil","yield_estimation/model_lib/ACS.py, yield_estimation/model_lib/AIS.py, yield_estimation/model_lib/HSCS.py, yield_estimation/model_lib/MC.py, yield_estimation/model_lib/MNIS.py","Yield-estimation/statistical code, largely orthogonal to physical layout generation.",OPTIMIZATION_ALGORITHM,False,False,False,True,False,Optimization or estimation logic is not a physical-layout implementation source.,NONE
OYF0128,yield_estimation/tool/util.py,yield_estimation_source,.py,4514,110,True,False,True,False,False,False,False,False,Implements SRAM yield-estimation algorithms and related statistical utilities.,NONE,"save_obj, load_obj, seed_set, write_data2csv, get_model_class_name, print_metrics_v2","Simulation outcome model, distributions, pass/fail criteria.",Failure-rate or yield-estimation statistics.,"numpy, os, pandas, pickle, prettytable, random, time, torch","demo_run_a_testbench.py, size_optimization/demo_tssbo.py, yield_estimation/model_lib/ACS.py, yield_estimation/model_lib/AIS.py, yield_estimation/model_lib/HSCS.py, yield_estimation/model_lib/MC.py, yield_estimation/model_lib/MNIS.py","Yield-estimation/statistical code, largely orthogonal to physical layout generation.",OPTIMIZATION_ALGORITHM,False,False,False,True,False,Optimization or estimation logic is not a physical-layout implementation source.,NONE
OYF0129,电路算法说明文档.md,documentation,.md,9369,234,True,False,False,False,False,False,False,True,Documentation file.,UNKNOWN,UNKNOWN,UNKNOWN,UNKNOWN,UNKNOWN,UNKNOWN,Documentation or license material; informative for understanding the project but not a layout driver.,DOCUMENTATION,False,False,False,False,False,UNKNOWN,NONE
OYF0130,等效电路说明文档.md,documentation,.md,8687,0,False,True,False,False,False,False,False,True,Documentation file.,UNKNOWN,UNKNOWN,UNKNOWN,UNKNOWN,UNKNOWN,UNKNOWN,Documentation or license material; informative for understanding the project but not a layout driver.,DOCUMENTATION,False,False,False,False,False,UNKNOWN,Binary or non-text asset.
