argument,value,source
word_size,8,locked_golden_flow_spec
num_words,64,locked_golden_flow_spec
words_per_row,4,locked_golden_flow_spec
name,sram_8x64_wpr4_fd45,locked_golden_flow_spec
enable_openyield_array_aggregation,True,locked_golden_flow_spec
enable_openyield_gate_row_packing,True,locked_golden_flow_spec
enable_openyield_power_rail_overlap_packing,True,locked_golden_flow_spec
enable_openyield_dff_row_packing,True,locked_golden_flow_spec
exclude_dff_vertical_overlap,True,locked_golden_flow_spec
