gds_path,parent_cell,child_cell,child_missing_in_file,parent_is_top_level
/data1/qujh/work/sram_layoutgen_step45_clean/outputs/openyield_module_gds/CONTROL_LOGIC/CONTROL_LOGIC.gds,CONTROL_LOGIC,gen_inv,False,True
/data1/qujh/work/sram_layoutgen_step45_clean/outputs/openyield_module_gds/CONTROL_LOGIC/CONTROL_LOGIC.gds,CONTROL_LOGIC,dff,False,True
/data1/qujh/work/sram_layoutgen_step45_clean/outputs/openyield_module_gds/CONTROL_LOGIC/CONTROL_LOGIC.gds,CONTROL_LOGIC,gen_delay_inv,False,True
/data1/qujh/work/sram_layoutgen_step45_clean/outputs/openyield_module_gds/CONTROL_LOGIC/CONTROL_LOGIC.gds,CONTROL_LOGIC,gen_inv,False,True
/data1/qujh/work/sram_layoutgen_step45_clean/outputs/openyield_module_gds/CONTROL_LOGIC/CONTROL_LOGIC.gds,CONTROL_LOGIC,gen_nand4,False,True
/data1/qujh/work/sram_layoutgen_step45_clean/outputs/openyield_module_gds/CONTROL_LOGIC/CONTROL_LOGIC.gds,CONTROL_LOGIC,gen_nand2,False,True
/data1/qujh/work/sram_layoutgen_step45_clean/outputs/openyield_module_gds/CONTROL_LOGIC/CONTROL_LOGIC.gds,CONTROL_LOGIC,gen_inv,False,True
/data1/qujh/work/sram_layoutgen_step45_clean/outputs/openyield_module_gds/CONTROL_LOGIC/CONTROL_LOGIC.gds,CONTROL_LOGIC,gen_inv,False,True
/data1/qujh/work/sram_layoutgen_step45_clean/outputs/openyield_module_gds/CONTROL_LOGIC/CONTROL_LOGIC.gds,gen_inv,sram_1rw_32x16_freepdk45_pmos_m1_w0_270_sm1_dm1_da_p,True,False
/data1/qujh/work/sram_layoutgen_step45_clean/outputs/openyield_module_gds/CONTROL_LOGIC/CONTROL_LOGIC.gds,gen_inv,sram_1rw_32x16_freepdk45_nmos_m1_w0_090_sm1_dm1_da_p,True,False
/data1/qujh/work/sram_layoutgen_step45_clean/outputs/openyield_module_gds/CONTROL_LOGIC/CONTROL_LOGIC.gds,gen_inv,sram_1rw_32x16_freepdk45_contact_12,True,False
/data1/qujh/work/sram_layoutgen_step45_clean/outputs/openyield_module_gds/CONTROL_LOGIC/CONTROL_LOGIC.gds,gen_inv,sram_1rw_32x16_freepdk45_contact_13,True,False
/data1/qujh/work/sram_layoutgen_step45_clean/outputs/openyield_module_gds/CONTROL_LOGIC/CONTROL_LOGIC.gds,gen_inv,sram_1rw_32x16_freepdk45_contact_14,True,False
/data1/qujh/work/sram_layoutgen_step45_clean/outputs/openyield_module_gds/CONTROL_LOGIC/CONTROL_LOGIC.gds,gen_delay_inv,sram_1rw_32x16_freepdk45_pmos_m1_w0_270_sm1_dm1_da_p,True,False
/data1/qujh/work/sram_layoutgen_step45_clean/outputs/openyield_module_gds/CONTROL_LOGIC/CONTROL_LOGIC.gds,gen_delay_inv,sram_1rw_32x16_freepdk45_nmos_m1_w0_090_sm1_dm1_da_p,True,False
/data1/qujh/work/sram_layoutgen_step45_clean/outputs/openyield_module_gds/CONTROL_LOGIC/CONTROL_LOGIC.gds,gen_delay_inv,sram_1rw_32x16_freepdk45_contact_12,True,False
/data1/qujh/work/sram_layoutgen_step45_clean/outputs/openyield_module_gds/CONTROL_LOGIC/CONTROL_LOGIC.gds,gen_delay_inv,sram_1rw_32x16_freepdk45_contact_13,True,False
/data1/qujh/work/sram_layoutgen_step45_clean/outputs/openyield_module_gds/CONTROL_LOGIC/CONTROL_LOGIC.gds,gen_delay_inv,sram_1rw_32x16_freepdk45_contact_14,True,False
/data1/qujh/work/sram_layoutgen_step45_clean/outputs/openyield_module_gds/CONTROL_LOGIC/CONTROL_LOGIC.gds,gen_nand2,sram_1rw_32x16_freepdk45_pmos_m1_w0_270_sm1_dm1,True,False
/data1/qujh/work/sram_layoutgen_step45_clean/outputs/openyield_module_gds/CONTROL_LOGIC/CONTROL_LOGIC.gds,gen_nand2,sram_1rw_32x16_freepdk45_pmos_m1_w0_270_sm1_dm1,True,False
/data1/qujh/work/sram_layoutgen_step45_clean/outputs/openyield_module_gds/CONTROL_LOGIC/CONTROL_LOGIC.gds,gen_nand2,sram_1rw_32x16_freepdk45_nmos_m1_w0_180_sm1_dactive,True,False
/data1/qujh/work/sram_layoutgen_step45_clean/outputs/openyield_module_gds/CONTROL_LOGIC/CONTROL_LOGIC.gds,gen_nand2,sram_1rw_32x16_freepdk45_nmos_m1_w0_180_sactive_dm1,True,False
/data1/qujh/work/sram_layoutgen_step45_clean/outputs/openyield_module_gds/CONTROL_LOGIC/CONTROL_LOGIC.gds,gen_nand2,sram_1rw_32x16_freepdk45_contact_12,True,False
/data1/qujh/work/sram_layoutgen_step45_clean/outputs/openyield_module_gds/CONTROL_LOGIC/CONTROL_LOGIC.gds,gen_nand2,sram_1rw_32x16_freepdk45_contact_13,True,False
/data1/qujh/work/sram_layoutgen_step45_clean/outputs/openyield_module_gds/CONTROL_LOGIC/CONTROL_LOGIC.gds,gen_nand2,sram_1rw_32x16_freepdk45_contact_14,True,False
/data1/qujh/work/sram_layoutgen_step45_clean/outputs/openyield_module_gds/CONTROL_LOGIC/CONTROL_LOGIC.gds,gen_nand2,sram_1rw_32x16_freepdk45_contact_14,True,False
/data1/qujh/work/sram_layoutgen_step45_clean/outputs/openyield_module_gds/DELAY_CHAIN/DELAY_CHAIN.gds,DELAY_CHAIN,gen_delay_inv,False,True
/data1/qujh/work/sram_layoutgen_step45_clean/outputs/openyield_module_gds/DELAY_CHAIN/DELAY_CHAIN.gds,DELAY_CHAIN,gen_delay_inv,False,True
/data1/qujh/work/sram_layoutgen_step45_clean/outputs/openyield_module_gds/DELAY_CHAIN/DELAY_CHAIN.gds,DELAY_CHAIN,gen_delay_inv,False,True
/data1/qujh/work/sram_layoutgen_step45_clean/outputs/openyield_module_gds/DELAY_CHAIN/DELAY_CHAIN.gds,DELAY_CHAIN,gen_delay_inv,False,True
/data1/qujh/work/sram_layoutgen_step45_clean/outputs/openyield_module_gds/DELAY_CHAIN/DELAY_CHAIN.gds,gen_delay_inv,sram_1rw_32x16_freepdk45_pmos_m1_w0_270_sm1_dm1_da_p,True,False
/data1/qujh/work/sram_layoutgen_step45_clean/outputs/openyield_module_gds/DELAY_CHAIN/DELAY_CHAIN.gds,gen_delay_inv,sram_1rw_32x16_freepdk45_nmos_m1_w0_090_sm1_dm1_da_p,True,False
/data1/qujh/work/sram_layoutgen_step45_clean/outputs/openyield_module_gds/DELAY_CHAIN/DELAY_CHAIN.gds,gen_delay_inv,sram_1rw_32x16_freepdk45_contact_12,True,False
/data1/qujh/work/sram_layoutgen_step45_clean/outputs/openyield_module_gds/DELAY_CHAIN/DELAY_CHAIN.gds,gen_delay_inv,sram_1rw_32x16_freepdk45_contact_13,True,False
/data1/qujh/work/sram_layoutgen_step45_clean/outputs/openyield_module_gds/DELAY_CHAIN/DELAY_CHAIN.gds,gen_delay_inv,sram_1rw_32x16_freepdk45_contact_14,True,False
/data1/qujh/work/sram_layoutgen_step45_clean/outputs/openyield_module_gds/DFF_ROW/DFF_ROW.gds,DFF_ROW,dff,False,True
/data1/qujh/work/sram_layoutgen_step45_clean/outputs/openyield_module_gds/DFF_ROW/DFF_ROW.gds,DFF_ROW,dff,False,True
/data1/qujh/work/sram_layoutgen_step45_clean/outputs/openyield_module_gds/DFF_ROW/DFF_ROW.gds,DFF_ROW,dff,False,True
/data1/qujh/work/sram_layoutgen_step45_clean/outputs/openyield_module_gds/DFF_ROW/DFF_ROW.gds,DFF_ROW,dff,False,True
/data1/qujh/work/sram_layoutgen_step45_clean/outputs/openyield_module_gds/GATED_CLOCK_PATH/GATED_CLOCK_PATH.gds,GATED_CLOCK_PATH,gen_inv,False,True
/data1/qujh/work/sram_layoutgen_step45_clean/outputs/openyield_module_gds/GATED_CLOCK_PATH/GATED_CLOCK_PATH.gds,GATED_CLOCK_PATH,gen_nand2,False,True
/data1/qujh/work/sram_layoutgen_step45_clean/outputs/openyield_module_gds/GATED_CLOCK_PATH/GATED_CLOCK_PATH.gds,GATED_CLOCK_PATH,gen_inv,False,True
/data1/qujh/work/sram_layoutgen_step45_clean/outputs/openyield_module_gds/GATED_CLOCK_PATH/GATED_CLOCK_PATH.gds,GATED_CLOCK_PATH,gen_inv,False,True
/data1/qujh/work/sram_layoutgen_step45_clean/outputs/openyield_module_gds/GATED_CLOCK_PATH/GATED_CLOCK_PATH.gds,GATED_CLOCK_PATH,gen_inv,False,True
/data1/qujh/work/sram_layoutgen_step45_clean/outputs/openyield_module_gds/GATED_CLOCK_PATH/GATED_CLOCK_PATH.gds,gen_inv,sram_1rw_32x16_freepdk45_pmos_m1_w0_270_sm1_dm1_da_p,True,False
/data1/qujh/work/sram_layoutgen_step45_clean/outputs/openyield_module_gds/GATED_CLOCK_PATH/GATED_CLOCK_PATH.gds,gen_inv,sram_1rw_32x16_freepdk45_nmos_m1_w0_090_sm1_dm1_da_p,True,False
/data1/qujh/work/sram_layoutgen_step45_clean/outputs/openyield_module_gds/GATED_CLOCK_PATH/GATED_CLOCK_PATH.gds,gen_inv,sram_1rw_32x16_freepdk45_contact_12,True,False
/data1/qujh/work/sram_layoutgen_step45_clean/outputs/openyield_module_gds/GATED_CLOCK_PATH/GATED_CLOCK_PATH.gds,gen_inv,sram_1rw_32x16_freepdk45_contact_13,True,False
/data1/qujh/work/sram_layoutgen_step45_clean/outputs/openyield_module_gds/GATED_CLOCK_PATH/GATED_CLOCK_PATH.gds,gen_inv,sram_1rw_32x16_freepdk45_contact_14,True,False
/data1/qujh/work/sram_layoutgen_step45_clean/outputs/openyield_module_gds/GATED_CLOCK_PATH/GATED_CLOCK_PATH.gds,gen_nand2,sram_1rw_32x16_freepdk45_pmos_m1_w0_270_sm1_dm1,True,False
/data1/qujh/work/sram_layoutgen_step45_clean/outputs/openyield_module_gds/GATED_CLOCK_PATH/GATED_CLOCK_PATH.gds,gen_nand2,sram_1rw_32x16_freepdk45_pmos_m1_w0_270_sm1_dm1,True,False
/data1/qujh/work/sram_layoutgen_step45_clean/outputs/openyield_module_gds/GATED_CLOCK_PATH/GATED_CLOCK_PATH.gds,gen_nand2,sram_1rw_32x16_freepdk45_nmos_m1_w0_180_sm1_dactive,True,False
/data1/qujh/work/sram_layoutgen_step45_clean/outputs/openyield_module_gds/GATED_CLOCK_PATH/GATED_CLOCK_PATH.gds,gen_nand2,sram_1rw_32x16_freepdk45_nmos_m1_w0_180_sactive_dm1,True,False
/data1/qujh/work/sram_layoutgen_step45_clean/outputs/openyield_module_gds/GATED_CLOCK_PATH/GATED_CLOCK_PATH.gds,gen_nand2,sram_1rw_32x16_freepdk45_contact_12,True,False
/data1/qujh/work/sram_layoutgen_step45_clean/outputs/openyield_module_gds/GATED_CLOCK_PATH/GATED_CLOCK_PATH.gds,gen_nand2,sram_1rw_32x16_freepdk45_contact_13,True,False
/data1/qujh/work/sram_layoutgen_step45_clean/outputs/openyield_module_gds/GATED_CLOCK_PATH/GATED_CLOCK_PATH.gds,gen_nand2,sram_1rw_32x16_freepdk45_contact_14,True,False
/data1/qujh/work/sram_layoutgen_step45_clean/outputs/openyield_module_gds/GATED_CLOCK_PATH/GATED_CLOCK_PATH.gds,gen_nand2,sram_1rw_32x16_freepdk45_contact_14,True,False
/data1/qujh/work/sram_layoutgen_step45_clean/outputs/openyield_module_gds/PRECHARGE_ENABLE_PATH/PRECHARGE_ENABLE_PATH.gds,PRECHARGE_ENABLE_PATH,gen_inv,False,True
/data1/qujh/work/sram_layoutgen_step45_clean/outputs/openyield_module_gds/PRECHARGE_ENABLE_PATH/PRECHARGE_ENABLE_PATH.gds,PRECHARGE_ENABLE_PATH,gen_nand4,False,True
/data1/qujh/work/sram_layoutgen_step45_clean/outputs/openyield_module_gds/PRECHARGE_ENABLE_PATH/PRECHARGE_ENABLE_PATH.gds,PRECHARGE_ENABLE_PATH,gen_delay_inv,False,True
/data1/qujh/work/sram_layoutgen_step45_clean/outputs/openyield_module_gds/PRECHARGE_ENABLE_PATH/PRECHARGE_ENABLE_PATH.gds,PRECHARGE_ENABLE_PATH,gen_precharge,False,True
/data1/qujh/work/sram_layoutgen_step45_clean/outputs/openyield_module_gds/PRECHARGE_ENABLE_PATH/PRECHARGE_ENABLE_PATH.gds,PRECHARGE_ENABLE_PATH,gen_inv,False,True
/data1/qujh/work/sram_layoutgen_step45_clean/outputs/openyield_module_gds/PRECHARGE_ENABLE_PATH/PRECHARGE_ENABLE_PATH.gds,gen_inv,sram_1rw_32x16_freepdk45_pmos_m1_w0_270_sm1_dm1_da_p,True,False
/data1/qujh/work/sram_layoutgen_step45_clean/outputs/openyield_module_gds/PRECHARGE_ENABLE_PATH/PRECHARGE_ENABLE_PATH.gds,gen_inv,sram_1rw_32x16_freepdk45_nmos_m1_w0_090_sm1_dm1_da_p,True,False
/data1/qujh/work/sram_layoutgen_step45_clean/outputs/openyield_module_gds/PRECHARGE_ENABLE_PATH/PRECHARGE_ENABLE_PATH.gds,gen_inv,sram_1rw_32x16_freepdk45_contact_12,True,False
/data1/qujh/work/sram_layoutgen_step45_clean/outputs/openyield_module_gds/PRECHARGE_ENABLE_PATH/PRECHARGE_ENABLE_PATH.gds,gen_inv,sram_1rw_32x16_freepdk45_contact_13,True,False
/data1/qujh/work/sram_layoutgen_step45_clean/outputs/openyield_module_gds/PRECHARGE_ENABLE_PATH/PRECHARGE_ENABLE_PATH.gds,gen_inv,sram_1rw_32x16_freepdk45_contact_14,True,False
/data1/qujh/work/sram_layoutgen_step45_clean/outputs/openyield_module_gds/PRECHARGE_ENABLE_PATH/PRECHARGE_ENABLE_PATH.gds,gen_delay_inv,sram_1rw_32x16_freepdk45_pmos_m1_w0_270_sm1_dm1_da_p,True,False
/data1/qujh/work/sram_layoutgen_step45_clean/outputs/openyield_module_gds/PRECHARGE_ENABLE_PATH/PRECHARGE_ENABLE_PATH.gds,gen_delay_inv,sram_1rw_32x16_freepdk45_nmos_m1_w0_090_sm1_dm1_da_p,True,False
/data1/qujh/work/sram_layoutgen_step45_clean/outputs/openyield_module_gds/PRECHARGE_ENABLE_PATH/PRECHARGE_ENABLE_PATH.gds,gen_delay_inv,sram_1rw_32x16_freepdk45_contact_12,True,False
/data1/qujh/work/sram_layoutgen_step45_clean/outputs/openyield_module_gds/PRECHARGE_ENABLE_PATH/PRECHARGE_ENABLE_PATH.gds,gen_delay_inv,sram_1rw_32x16_freepdk45_contact_13,True,False
/data1/qujh/work/sram_layoutgen_step45_clean/outputs/openyield_module_gds/PRECHARGE_ENABLE_PATH/PRECHARGE_ENABLE_PATH.gds,gen_delay_inv,sram_1rw_32x16_freepdk45_contact_14,True,False
/data1/qujh/work/sram_layoutgen_step45_clean/outputs/openyield_module_gds/PRECHARGE_ENABLE_PATH/PRECHARGE_ENABLE_PATH.gds,gen_precharge,sram_1rw_32x16_freepdk45_pmos_m1_w0_270_sm1_dm1,True,False
/data1/qujh/work/sram_layoutgen_step45_clean/outputs/openyield_module_gds/PRECHARGE_ENABLE_PATH/PRECHARGE_ENABLE_PATH.gds,gen_precharge,sram_1rw_32x16_freepdk45_pmos_m1_w0_270_sm1_dm1,True,False
/data1/qujh/work/sram_layoutgen_step45_clean/outputs/openyield_module_gds/PRECHARGE_ENABLE_PATH/PRECHARGE_ENABLE_PATH.gds,gen_precharge,sram_1rw_32x16_freepdk45_pmos_m1_w0_270_sm1_dm1,True,False
/data1/qujh/work/sram_layoutgen_step45_clean/outputs/openyield_module_gds/PRECHARGE_ENABLE_PATH/PRECHARGE_ENABLE_PATH.gds,gen_precharge,sram_1rw_32x16_freepdk45_contact_14,True,False
/data1/qujh/work/sram_layoutgen_step45_clean/outputs/openyield_module_gds/PRECHARGE_ENABLE_PATH/PRECHARGE_ENABLE_PATH.gds,gen_precharge,sram_1rw_32x16_freepdk45_contact_22,True,False
/data1/qujh/work/sram_layoutgen_step45_clean/outputs/openyield_module_gds/PRECHARGE_ENABLE_PATH/PRECHARGE_ENABLE_PATH.gds,gen_precharge,sram_1rw_32x16_freepdk45_contact_17,True,False
/data1/qujh/work/sram_layoutgen_step45_clean/outputs/openyield_module_gds/PRECHARGE_ENABLE_PATH/PRECHARGE_ENABLE_PATH.gds,gen_precharge,sram_1rw_32x16_freepdk45_contact_23,True,False
/data1/qujh/work/sram_layoutgen_step45_clean/outputs/openyield_module_gds/PRECHARGE_ENABLE_PATH/PRECHARGE_ENABLE_PATH.gds,gen_precharge,sram_1rw_32x16_freepdk45_contact_23,True,False
/data1/qujh/work/sram_layoutgen_step45_clean/outputs/openyield_module_gds/PRECHARGE_ENABLE_PATH/PRECHARGE_ENABLE_PATH.gds,gen_precharge,sram_1rw_32x16_freepdk45_contact_23,True,False
/data1/qujh/work/sram_layoutgen_step45_clean/outputs/openyield_module_gds/PRECHARGE_ENABLE_PATH/PRECHARGE_ENABLE_PATH.gds,gen_precharge,sram_1rw_32x16_freepdk45_contact_23,True,False
/data1/qujh/work/sram_layoutgen_step45_clean/outputs/openyield_module_gds/SENSE_ENABLE_PATH/SENSE_ENABLE_PATH.gds,SENSE_ENABLE_PATH,gen_inv,False,True
/data1/qujh/work/sram_layoutgen_step45_clean/outputs/openyield_module_gds/SENSE_ENABLE_PATH/SENSE_ENABLE_PATH.gds,SENSE_ENABLE_PATH,gen_nand4,False,True
/data1/qujh/work/sram_layoutgen_step45_clean/outputs/openyield_module_gds/SENSE_ENABLE_PATH/SENSE_ENABLE_PATH.gds,SENSE_ENABLE_PATH,sense_amp,False,True
/data1/qujh/work/sram_layoutgen_step45_clean/outputs/openyield_module_gds/SENSE_ENABLE_PATH/SENSE_ENABLE_PATH.gds,SENSE_ENABLE_PATH,gen_inv,False,True
/data1/qujh/work/sram_layoutgen_step45_clean/outputs/openyield_module_gds/SENSE_ENABLE_PATH/SENSE_ENABLE_PATH.gds,gen_inv,sram_1rw_32x16_freepdk45_pmos_m1_w0_270_sm1_dm1_da_p,True,False
/data1/qujh/work/sram_layoutgen_step45_clean/outputs/openyield_module_gds/SENSE_ENABLE_PATH/SENSE_ENABLE_PATH.gds,gen_inv,sram_1rw_32x16_freepdk45_nmos_m1_w0_090_sm1_dm1_da_p,True,False
/data1/qujh/work/sram_layoutgen_step45_clean/outputs/openyield_module_gds/SENSE_ENABLE_PATH/SENSE_ENABLE_PATH.gds,gen_inv,sram_1rw_32x16_freepdk45_contact_12,True,False
/data1/qujh/work/sram_layoutgen_step45_clean/outputs/openyield_module_gds/SENSE_ENABLE_PATH/SENSE_ENABLE_PATH.gds,gen_inv,sram_1rw_32x16_freepdk45_contact_13,True,False
/data1/qujh/work/sram_layoutgen_step45_clean/outputs/openyield_module_gds/SENSE_ENABLE_PATH/SENSE_ENABLE_PATH.gds,gen_inv,sram_1rw_32x16_freepdk45_contact_14,True,False
/data1/qujh/work/sram_layoutgen_step45_clean/outputs/openyield_module_gds/WORDLINE_ENABLE_PATH/WORDLINE_ENABLE_PATH.gds,WORDLINE_ENABLE_PATH,gen_inv,False,True
/data1/qujh/work/sram_layoutgen_step45_clean/outputs/openyield_module_gds/WORDLINE_ENABLE_PATH/WORDLINE_ENABLE_PATH.gds,WORDLINE_ENABLE_PATH,gen_nand4,False,True
/data1/qujh/work/sram_layoutgen_step45_clean/outputs/openyield_module_gds/WORDLINE_ENABLE_PATH/WORDLINE_ENABLE_PATH.gds,WORDLINE_ENABLE_PATH,gen_wl_driver,False,True
/data1/qujh/work/sram_layoutgen_step45_clean/outputs/openyield_module_gds/WORDLINE_ENABLE_PATH/WORDLINE_ENABLE_PATH.gds,WORDLINE_ENABLE_PATH,gen_inv,False,True
/data1/qujh/work/sram_layoutgen_step45_clean/outputs/openyield_module_gds/WORDLINE_ENABLE_PATH/WORDLINE_ENABLE_PATH.gds,gen_inv,sram_1rw_32x16_freepdk45_pmos_m1_w0_270_sm1_dm1_da_p,True,False
/data1/qujh/work/sram_layoutgen_step45_clean/outputs/openyield_module_gds/WORDLINE_ENABLE_PATH/WORDLINE_ENABLE_PATH.gds,gen_inv,sram_1rw_32x16_freepdk45_nmos_m1_w0_090_sm1_dm1_da_p,True,False
/data1/qujh/work/sram_layoutgen_step45_clean/outputs/openyield_module_gds/WORDLINE_ENABLE_PATH/WORDLINE_ENABLE_PATH.gds,gen_inv,sram_1rw_32x16_freepdk45_contact_12,True,False
/data1/qujh/work/sram_layoutgen_step45_clean/outputs/openyield_module_gds/WORDLINE_ENABLE_PATH/WORDLINE_ENABLE_PATH.gds,gen_inv,sram_1rw_32x16_freepdk45_contact_13,True,False
/data1/qujh/work/sram_layoutgen_step45_clean/outputs/openyield_module_gds/WORDLINE_ENABLE_PATH/WORDLINE_ENABLE_PATH.gds,gen_inv,sram_1rw_32x16_freepdk45_contact_14,True,False
/data1/qujh/work/sram_layoutgen_step45_clean/outputs/openyield_module_gds/WORDLINE_ENABLE_PATH/WORDLINE_ENABLE_PATH.gds,gen_wl_driver,sram_1rw_32x16_freepdk45_pnand2,True,False
/data1/qujh/work/sram_layoutgen_step45_clean/outputs/openyield_module_gds/WORDLINE_ENABLE_PATH/WORDLINE_ENABLE_PATH.gds,gen_wl_driver,sram_1rw_32x16_freepdk45_pinv_0,True,False
/data1/qujh/work/sram_layoutgen_step45_clean/outputs/openyield_module_gds/WRITE_ENABLE_PATH/WRITE_ENABLE_PATH.gds,WRITE_ENABLE_PATH,gen_inv,False,True
/data1/qujh/work/sram_layoutgen_step45_clean/outputs/openyield_module_gds/WRITE_ENABLE_PATH/WRITE_ENABLE_PATH.gds,WRITE_ENABLE_PATH,gen_delay_inv,False,True
/data1/qujh/work/sram_layoutgen_step45_clean/outputs/openyield_module_gds/WRITE_ENABLE_PATH/WRITE_ENABLE_PATH.gds,WRITE_ENABLE_PATH,write_driver,False,True
/data1/qujh/work/sram_layoutgen_step45_clean/outputs/openyield_module_gds/WRITE_ENABLE_PATH/WRITE_ENABLE_PATH.gds,WRITE_ENABLE_PATH,gen_inv,False,True
/data1/qujh/work/sram_layoutgen_step45_clean/outputs/openyield_module_gds/WRITE_ENABLE_PATH/WRITE_ENABLE_PATH.gds,gen_inv,sram_1rw_32x16_freepdk45_pmos_m1_w0_270_sm1_dm1_da_p,True,False
/data1/qujh/work/sram_layoutgen_step45_clean/outputs/openyield_module_gds/WRITE_ENABLE_PATH/WRITE_ENABLE_PATH.gds,gen_inv,sram_1rw_32x16_freepdk45_nmos_m1_w0_090_sm1_dm1_da_p,True,False
/data1/qujh/work/sram_layoutgen_step45_clean/outputs/openyield_module_gds/WRITE_ENABLE_PATH/WRITE_ENABLE_PATH.gds,gen_inv,sram_1rw_32x16_freepdk45_contact_12,True,False
/data1/qujh/work/sram_layoutgen_step45_clean/outputs/openyield_module_gds/WRITE_ENABLE_PATH/WRITE_ENABLE_PATH.gds,gen_inv,sram_1rw_32x16_freepdk45_contact_13,True,False
/data1/qujh/work/sram_layoutgen_step45_clean/outputs/openyield_module_gds/WRITE_ENABLE_PATH/WRITE_ENABLE_PATH.gds,gen_inv,sram_1rw_32x16_freepdk45_contact_14,True,False
/data1/qujh/work/sram_layoutgen_step45_clean/outputs/openyield_module_gds/WRITE_ENABLE_PATH/WRITE_ENABLE_PATH.gds,gen_delay_inv,sram_1rw_32x16_freepdk45_pmos_m1_w0_270_sm1_dm1_da_p,True,False
/data1/qujh/work/sram_layoutgen_step45_clean/outputs/openyield_module_gds/WRITE_ENABLE_PATH/WRITE_ENABLE_PATH.gds,gen_delay_inv,sram_1rw_32x16_freepdk45_nmos_m1_w0_090_sm1_dm1_da_p,True,False
/data1/qujh/work/sram_layoutgen_step45_clean/outputs/openyield_module_gds/WRITE_ENABLE_PATH/WRITE_ENABLE_PATH.gds,gen_delay_inv,sram_1rw_32x16_freepdk45_contact_12,True,False
/data1/qujh/work/sram_layoutgen_step45_clean/outputs/openyield_module_gds/WRITE_ENABLE_PATH/WRITE_ENABLE_PATH.gds,gen_delay_inv,sram_1rw_32x16_freepdk45_contact_13,True,False
/data1/qujh/work/sram_layoutgen_step45_clean/outputs/openyield_module_gds/WRITE_ENABLE_PATH/WRITE_ENABLE_PATH.gds,gen_delay_inv,sram_1rw_32x16_freepdk45_contact_14,True,False
/data1/qujh/work/sram_layoutgen_step45_clean/outputs/openyield_module_gds/bitcell_array/bitcell_array.gds,bitcell_array,cell_1rw,False,True
/data1/qujh/work/sram_layoutgen_step45_clean/outputs/openyield_module_gds/bitcell_array/bitcell_array.gds,bitcell_array,cell_1rw,False,True
/data1/qujh/work/sram_layoutgen_step45_clean/outputs/openyield_module_gds/bitcell_array/bitcell_array.gds,bitcell_array,cell_1rw,False,True
/data1/qujh/work/sram_layoutgen_step45_clean/outputs/openyield_module_gds/bitcell_array/bitcell_array.gds,bitcell_array,cell_1rw,False,True
/data1/qujh/work/sram_layoutgen_step45_clean/outputs/openyield_module_gds/bitcell_array/bitcell_array.gds,bitcell_array,cell_1rw,False,True
/data1/qujh/work/sram_layoutgen_step45_clean/outputs/openyield_module_gds/bitcell_array/bitcell_array.gds,bitcell_array,cell_1rw,False,True
/data1/qujh/work/sram_layoutgen_step45_clean/outputs/openyield_module_gds/bitcell_array/bitcell_array.gds,bitcell_array,cell_1rw,False,True
/data1/qujh/work/sram_layoutgen_step45_clean/outputs/openyield_module_gds/bitcell_array/bitcell_array.gds,bitcell_array,cell_1rw,False,True
/data1/qujh/work/sram_layoutgen_step45_clean/outputs/openyield_module_gds/bitcell_array/bitcell_array.gds,bitcell_array,cell_1rw,False,True
/data1/qujh/work/sram_layoutgen_step45_clean/outputs/openyield_module_gds/bitcell_array/bitcell_array.gds,bitcell_array,cell_1rw,False,True
/data1/qujh/work/sram_layoutgen_step45_clean/outputs/openyield_module_gds/bitcell_array/bitcell_array.gds,bitcell_array,cell_1rw,False,True
/data1/qujh/work/sram_layoutgen_step45_clean/outputs/openyield_module_gds/bitcell_array/bitcell_array.gds,bitcell_array,cell_1rw,False,True
/data1/qujh/work/sram_layoutgen_step45_clean/outputs/openyield_module_gds/bitcell_array/bitcell_array.gds,bitcell_array,cell_1rw,False,True
/data1/qujh/work/sram_layoutgen_step45_clean/outputs/openyield_module_gds/bitcell_array/bitcell_array.gds,bitcell_array,cell_1rw,False,True
/data1/qujh/work/sram_layoutgen_step45_clean/outputs/openyield_module_gds/bitcell_array/bitcell_array.gds,bitcell_array,cell_1rw,False,True
/data1/qujh/work/sram_layoutgen_step45_clean/outputs/openyield_module_gds/bitcell_array/bitcell_array.gds,bitcell_array,cell_1rw,False,True
/data1/qujh/work/sram_layoutgen_step45_clean/outputs/openyield_module_gds/column_mux/column_mux.gds,column_mux,gen_col_mux,False,True
/data1/qujh/work/sram_layoutgen_step45_clean/outputs/openyield_module_gds/column_mux/column_mux.gds,gen_col_mux,sram_1rw_32x16_freepdk45_nmos_m1_w0_720_sm1_dm1,True,False
/data1/qujh/work/sram_layoutgen_step45_clean/outputs/openyield_module_gds/column_mux/column_mux.gds,gen_col_mux,sram_1rw_32x16_freepdk45_nmos_m1_w0_720_sm1_dm1,True,False
/data1/qujh/work/sram_layoutgen_step45_clean/outputs/openyield_module_gds/column_mux/column_mux.gds,gen_col_mux,sram_1rw_32x16_freepdk45_contact_17,True,False
/data1/qujh/work/sram_layoutgen_step45_clean/outputs/openyield_module_gds/column_mux/column_mux.gds,gen_col_mux,sram_1rw_32x16_freepdk45_contact_17,True,False
/data1/qujh/work/sram_layoutgen_step45_clean/outputs/openyield_module_gds/column_mux/column_mux.gds,gen_col_mux,sram_1rw_32x16_freepdk45_contact_17,True,False
/data1/qujh/work/sram_layoutgen_step45_clean/outputs/openyield_module_gds/column_mux/column_mux.gds,gen_col_mux,sram_1rw_32x16_freepdk45_contact_17,True,False
/data1/qujh/work/sram_layoutgen_step45_clean/outputs/openyield_module_gds/column_mux/column_mux.gds,gen_col_mux,sram_1rw_32x16_freepdk45_contact_24,True,False
/data1/qujh/work/sram_layoutgen_step45_clean/outputs/openyield_module_gds/column_mux/column_mux.gds,gen_col_mux,sram_1rw_32x16_freepdk45_contact_17,True,False
/data1/qujh/work/sram_layoutgen_step45_clean/outputs/openyield_module_gds/decoder_gate_cells/decoder_gate_cells.gds,decoder_gate_cells,gen_inv,False,True
/data1/qujh/work/sram_layoutgen_step45_clean/outputs/openyield_module_gds/decoder_gate_cells/decoder_gate_cells.gds,decoder_gate_cells,gen_nand4,False,True
/data1/qujh/work/sram_layoutgen_step45_clean/outputs/openyield_module_gds/decoder_gate_cells/decoder_gate_cells.gds,decoder_gate_cells,gen_nand2,False,True
/data1/qujh/work/sram_layoutgen_step45_clean/outputs/openyield_module_gds/decoder_gate_cells/decoder_gate_cells.gds,decoder_gate_cells,gen_inv,False,True
/data1/qujh/work/sram_layoutgen_step45_clean/outputs/openyield_module_gds/decoder_gate_cells/decoder_gate_cells.gds,decoder_gate_cells,gen_inv,False,True
/data1/qujh/work/sram_layoutgen_step45_clean/outputs/openyield_module_gds/decoder_gate_cells/decoder_gate_cells.gds,decoder_gate_cells,gen_nand2,False,True
/data1/qujh/work/sram_layoutgen_step45_clean/outputs/openyield_module_gds/decoder_gate_cells/decoder_gate_cells.gds,decoder_gate_cells,gen_inv,False,True
/data1/qujh/work/sram_layoutgen_step45_clean/outputs/openyield_module_gds/decoder_gate_cells/decoder_gate_cells.gds,gen_inv,sram_1rw_32x16_freepdk45_pmos_m1_w0_270_sm1_dm1_da_p,True,False
/data1/qujh/work/sram_layoutgen_step45_clean/outputs/openyield_module_gds/decoder_gate_cells/decoder_gate_cells.gds,gen_inv,sram_1rw_32x16_freepdk45_nmos_m1_w0_090_sm1_dm1_da_p,True,False
/data1/qujh/work/sram_layoutgen_step45_clean/outputs/openyield_module_gds/decoder_gate_cells/decoder_gate_cells.gds,gen_inv,sram_1rw_32x16_freepdk45_contact_12,True,False
/data1/qujh/work/sram_layoutgen_step45_clean/outputs/openyield_module_gds/decoder_gate_cells/decoder_gate_cells.gds,gen_inv,sram_1rw_32x16_freepdk45_contact_13,True,False
/data1/qujh/work/sram_layoutgen_step45_clean/outputs/openyield_module_gds/decoder_gate_cells/decoder_gate_cells.gds,gen_inv,sram_1rw_32x16_freepdk45_contact_14,True,False
/data1/qujh/work/sram_layoutgen_step45_clean/outputs/openyield_module_gds/decoder_gate_cells/decoder_gate_cells.gds,gen_nand2,sram_1rw_32x16_freepdk45_pmos_m1_w0_270_sm1_dm1,True,False
/data1/qujh/work/sram_layoutgen_step45_clean/outputs/openyield_module_gds/decoder_gate_cells/decoder_gate_cells.gds,gen_nand2,sram_1rw_32x16_freepdk45_pmos_m1_w0_270_sm1_dm1,True,False
/data1/qujh/work/sram_layoutgen_step45_clean/outputs/openyield_module_gds/decoder_gate_cells/decoder_gate_cells.gds,gen_nand2,sram_1rw_32x16_freepdk45_nmos_m1_w0_180_sm1_dactive,True,False
/data1/qujh/work/sram_layoutgen_step45_clean/outputs/openyield_module_gds/decoder_gate_cells/decoder_gate_cells.gds,gen_nand2,sram_1rw_32x16_freepdk45_nmos_m1_w0_180_sactive_dm1,True,False
/data1/qujh/work/sram_layoutgen_step45_clean/outputs/openyield_module_gds/decoder_gate_cells/decoder_gate_cells.gds,gen_nand2,sram_1rw_32x16_freepdk45_contact_12,True,False
/data1/qujh/work/sram_layoutgen_step45_clean/outputs/openyield_module_gds/decoder_gate_cells/decoder_gate_cells.gds,gen_nand2,sram_1rw_32x16_freepdk45_contact_13,True,False
/data1/qujh/work/sram_layoutgen_step45_clean/outputs/openyield_module_gds/decoder_gate_cells/decoder_gate_cells.gds,gen_nand2,sram_1rw_32x16_freepdk45_contact_14,True,False
/data1/qujh/work/sram_layoutgen_step45_clean/outputs/openyield_module_gds/decoder_gate_cells/decoder_gate_cells.gds,gen_nand2,sram_1rw_32x16_freepdk45_contact_14,True,False
/data1/qujh/work/sram_layoutgen_step45_clean/outputs/openyield_module_gds/dummy_array/dummy_array.gds,dummy_array,dummy_cell_1rw,False,True
/data1/qujh/work/sram_layoutgen_step45_clean/outputs/openyield_module_gds/dummy_array/dummy_array.gds,dummy_array,dummy_cell_1rw,False,True
/data1/qujh/work/sram_layoutgen_step45_clean/outputs/openyield_module_gds/dummy_array/dummy_array.gds,dummy_array,dummy_cell_1rw,False,True
/data1/qujh/work/sram_layoutgen_step45_clean/outputs/openyield_module_gds/dummy_array/dummy_array.gds,dummy_array,dummy_cell_1rw,False,True
/data1/qujh/work/sram_layoutgen_step45_clean/outputs/openyield_module_gds/dummy_array/dummy_array.gds,dummy_array,dummy_cell_1rw,False,True
/data1/qujh/work/sram_layoutgen_step45_clean/outputs/openyield_module_gds/dummy_array/dummy_array.gds,dummy_array,dummy_cell_1rw,False,True
/data1/qujh/work/sram_layoutgen_step45_clean/outputs/openyield_module_gds/dummy_array/dummy_array.gds,dummy_array,dummy_cell_1rw,False,True
/data1/qujh/work/sram_layoutgen_step45_clean/outputs/openyield_module_gds/dummy_array/dummy_array.gds,dummy_array,dummy_cell_1rw,False,True
/data1/qujh/work/sram_layoutgen_step45_clean/outputs/openyield_module_gds/dummy_array/dummy_array.gds,dummy_array,dummy_cell_1rw,False,True
/data1/qujh/work/sram_layoutgen_step45_clean/outputs/openyield_module_gds/dummy_array/dummy_array.gds,dummy_array,dummy_cell_1rw,False,True
/data1/qujh/work/sram_layoutgen_step45_clean/outputs/openyield_module_gds/dummy_array/dummy_array.gds,dummy_array,dummy_cell_1rw,False,True
/data1/qujh/work/sram_layoutgen_step45_clean/outputs/openyield_module_gds/dummy_array/dummy_array.gds,dummy_array,dummy_cell_1rw,False,True
/data1/qujh/work/sram_layoutgen_step45_clean/outputs/openyield_module_gds/dummy_array/dummy_array.gds,dummy_array,dummy_cell_1rw,False,True
/data1/qujh/work/sram_layoutgen_step45_clean/outputs/openyield_module_gds/dummy_array/dummy_array.gds,dummy_array,dummy_cell_1rw,False,True
/data1/qujh/work/sram_layoutgen_step45_clean/outputs/openyield_module_gds/dummy_array/dummy_array.gds,dummy_array,dummy_cell_1rw,False,True
/data1/qujh/work/sram_layoutgen_step45_clean/outputs/openyield_module_gds/dummy_array/dummy_array.gds,dummy_array,dummy_cell_1rw,False,True
/data1/qujh/work/sram_layoutgen_step45_clean/outputs/openyield_module_gds/precharge/precharge.gds,precharge,gen_precharge,False,True
/data1/qujh/work/sram_layoutgen_step45_clean/outputs/openyield_module_gds/precharge/precharge.gds,gen_precharge,sram_1rw_32x16_freepdk45_pmos_m1_w0_270_sm1_dm1,True,False
/data1/qujh/work/sram_layoutgen_step45_clean/outputs/openyield_module_gds/precharge/precharge.gds,gen_precharge,sram_1rw_32x16_freepdk45_pmos_m1_w0_270_sm1_dm1,True,False
/data1/qujh/work/sram_layoutgen_step45_clean/outputs/openyield_module_gds/precharge/precharge.gds,gen_precharge,sram_1rw_32x16_freepdk45_pmos_m1_w0_270_sm1_dm1,True,False
/data1/qujh/work/sram_layoutgen_step45_clean/outputs/openyield_module_gds/precharge/precharge.gds,gen_precharge,sram_1rw_32x16_freepdk45_contact_14,True,False
/data1/qujh/work/sram_layoutgen_step45_clean/outputs/openyield_module_gds/precharge/precharge.gds,gen_precharge,sram_1rw_32x16_freepdk45_contact_22,True,False
/data1/qujh/work/sram_layoutgen_step45_clean/outputs/openyield_module_gds/precharge/precharge.gds,gen_precharge,sram_1rw_32x16_freepdk45_contact_17,True,False
/data1/qujh/work/sram_layoutgen_step45_clean/outputs/openyield_module_gds/precharge/precharge.gds,gen_precharge,sram_1rw_32x16_freepdk45_contact_23,True,False
/data1/qujh/work/sram_layoutgen_step45_clean/outputs/openyield_module_gds/precharge/precharge.gds,gen_precharge,sram_1rw_32x16_freepdk45_contact_23,True,False
/data1/qujh/work/sram_layoutgen_step45_clean/outputs/openyield_module_gds/precharge/precharge.gds,gen_precharge,sram_1rw_32x16_freepdk45_contact_23,True,False
/data1/qujh/work/sram_layoutgen_step45_clean/outputs/openyield_module_gds/precharge/precharge.gds,gen_precharge,sram_1rw_32x16_freepdk45_contact_23,True,False
/data1/qujh/work/sram_layoutgen_step45_clean/outputs/openyield_module_gds/replica_array/replica_array.gds,replica_array,replica_cell_1rw,False,True
/data1/qujh/work/sram_layoutgen_step45_clean/outputs/openyield_module_gds/replica_array/replica_array.gds,replica_array,replica_cell_1rw,False,True
/data1/qujh/work/sram_layoutgen_step45_clean/outputs/openyield_module_gds/replica_array/replica_array.gds,replica_array,replica_cell_1rw,False,True
/data1/qujh/work/sram_layoutgen_step45_clean/outputs/openyield_module_gds/replica_array/replica_array.gds,replica_array,replica_cell_1rw,False,True
/data1/qujh/work/sram_layoutgen_step45_clean/outputs/openyield_module_gds/replica_array/replica_array.gds,replica_array,replica_cell_1rw,False,True
/data1/qujh/work/sram_layoutgen_step45_clean/outputs/openyield_module_gds/replica_array/replica_array.gds,replica_array,replica_cell_1rw,False,True
/data1/qujh/work/sram_layoutgen_step45_clean/outputs/openyield_module_gds/replica_array/replica_array.gds,replica_array,replica_cell_1rw,False,True
/data1/qujh/work/sram_layoutgen_step45_clean/outputs/openyield_module_gds/replica_array/replica_array.gds,replica_array,replica_cell_1rw,False,True
/data1/qujh/work/sram_layoutgen_step45_clean/outputs/openyield_module_gds/replica_array/replica_array.gds,replica_array,gen_precharge,False,True
/data1/qujh/work/sram_layoutgen_step45_clean/outputs/openyield_module_gds/replica_array/replica_array.gds,gen_precharge,sram_1rw_32x16_freepdk45_pmos_m1_w0_270_sm1_dm1,True,False
/data1/qujh/work/sram_layoutgen_step45_clean/outputs/openyield_module_gds/replica_array/replica_array.gds,gen_precharge,sram_1rw_32x16_freepdk45_pmos_m1_w0_270_sm1_dm1,True,False
/data1/qujh/work/sram_layoutgen_step45_clean/outputs/openyield_module_gds/replica_array/replica_array.gds,gen_precharge,sram_1rw_32x16_freepdk45_pmos_m1_w0_270_sm1_dm1,True,False
/data1/qujh/work/sram_layoutgen_step45_clean/outputs/openyield_module_gds/replica_array/replica_array.gds,gen_precharge,sram_1rw_32x16_freepdk45_contact_14,True,False
/data1/qujh/work/sram_layoutgen_step45_clean/outputs/openyield_module_gds/replica_array/replica_array.gds,gen_precharge,sram_1rw_32x16_freepdk45_contact_22,True,False
/data1/qujh/work/sram_layoutgen_step45_clean/outputs/openyield_module_gds/replica_array/replica_array.gds,gen_precharge,sram_1rw_32x16_freepdk45_contact_17,True,False
/data1/qujh/work/sram_layoutgen_step45_clean/outputs/openyield_module_gds/replica_array/replica_array.gds,gen_precharge,sram_1rw_32x16_freepdk45_contact_23,True,False
/data1/qujh/work/sram_layoutgen_step45_clean/outputs/openyield_module_gds/replica_array/replica_array.gds,gen_precharge,sram_1rw_32x16_freepdk45_contact_23,True,False
/data1/qujh/work/sram_layoutgen_step45_clean/outputs/openyield_module_gds/replica_array/replica_array.gds,gen_precharge,sram_1rw_32x16_freepdk45_contact_23,True,False
/data1/qujh/work/sram_layoutgen_step45_clean/outputs/openyield_module_gds/replica_array/replica_array.gds,gen_precharge,sram_1rw_32x16_freepdk45_contact_23,True,False
/data1/qujh/work/sram_layoutgen_step45_clean/outputs/openyield_module_gds/row_decoder/row_decoder.gds,row_decoder,gen_inv,False,True
/data1/qujh/work/sram_layoutgen_step45_clean/outputs/openyield_module_gds/row_decoder/row_decoder.gds,row_decoder,gen_nand4,False,True
/data1/qujh/work/sram_layoutgen_step45_clean/outputs/openyield_module_gds/row_decoder/row_decoder.gds,row_decoder,gen_inv,False,True
/data1/qujh/work/sram_layoutgen_step45_clean/outputs/openyield_module_gds/row_decoder/row_decoder.gds,row_decoder,gen_inv,False,True
/data1/qujh/work/sram_layoutgen_step45_clean/outputs/openyield_module_gds/row_decoder/row_decoder.gds,row_decoder,gen_inv,False,True
/data1/qujh/work/sram_layoutgen_step45_clean/outputs/openyield_module_gds/row_decoder/row_decoder.gds,row_decoder,gen_nand4,False,True
/data1/qujh/work/sram_layoutgen_step45_clean/outputs/openyield_module_gds/row_decoder/row_decoder.gds,gen_inv,sram_1rw_32x16_freepdk45_pmos_m1_w0_270_sm1_dm1_da_p,True,False
/data1/qujh/work/sram_layoutgen_step45_clean/outputs/openyield_module_gds/row_decoder/row_decoder.gds,gen_inv,sram_1rw_32x16_freepdk45_nmos_m1_w0_090_sm1_dm1_da_p,True,False
/data1/qujh/work/sram_layoutgen_step45_clean/outputs/openyield_module_gds/row_decoder/row_decoder.gds,gen_inv,sram_1rw_32x16_freepdk45_contact_12,True,False
/data1/qujh/work/sram_layoutgen_step45_clean/outputs/openyield_module_gds/row_decoder/row_decoder.gds,gen_inv,sram_1rw_32x16_freepdk45_contact_13,True,False
/data1/qujh/work/sram_layoutgen_step45_clean/outputs/openyield_module_gds/row_decoder/row_decoder.gds,gen_inv,sram_1rw_32x16_freepdk45_contact_14,True,False
/data1/qujh/work/sram_layoutgen_step45_clean/outputs/openyield_module_gds/sense_amp/sense_amp.gds,sense_amp,sense_amp,False,True
/data1/qujh/work/sram_layoutgen_step45_clean/outputs/openyield_module_gds/wordline_decoder/wordline_decoder.gds,wordline_decoder,gen_inv,False,True
/data1/qujh/work/sram_layoutgen_step45_clean/outputs/openyield_module_gds/wordline_decoder/wordline_decoder.gds,wordline_decoder,gen_nand4,False,True
/data1/qujh/work/sram_layoutgen_step45_clean/outputs/openyield_module_gds/wordline_decoder/wordline_decoder.gds,wordline_decoder,gen_inv,False,True
/data1/qujh/work/sram_layoutgen_step45_clean/outputs/openyield_module_gds/wordline_decoder/wordline_decoder.gds,wordline_decoder,gen_inv,False,True
/data1/qujh/work/sram_layoutgen_step45_clean/outputs/openyield_module_gds/wordline_decoder/wordline_decoder.gds,wordline_decoder,gen_inv,False,True
/data1/qujh/work/sram_layoutgen_step45_clean/outputs/openyield_module_gds/wordline_decoder/wordline_decoder.gds,wordline_decoder,gen_inv,False,True
/data1/qujh/work/sram_layoutgen_step45_clean/outputs/openyield_module_gds/wordline_decoder/wordline_decoder.gds,gen_inv,sram_1rw_32x16_freepdk45_pmos_m1_w0_270_sm1_dm1_da_p,True,False
/data1/qujh/work/sram_layoutgen_step45_clean/outputs/openyield_module_gds/wordline_decoder/wordline_decoder.gds,gen_inv,sram_1rw_32x16_freepdk45_nmos_m1_w0_090_sm1_dm1_da_p,True,False
/data1/qujh/work/sram_layoutgen_step45_clean/outputs/openyield_module_gds/wordline_decoder/wordline_decoder.gds,gen_inv,sram_1rw_32x16_freepdk45_contact_12,True,False
/data1/qujh/work/sram_layoutgen_step45_clean/outputs/openyield_module_gds/wordline_decoder/wordline_decoder.gds,gen_inv,sram_1rw_32x16_freepdk45_contact_13,True,False
/data1/qujh/work/sram_layoutgen_step45_clean/outputs/openyield_module_gds/wordline_decoder/wordline_decoder.gds,gen_inv,sram_1rw_32x16_freepdk45_contact_14,True,False
/data1/qujh/work/sram_layoutgen_step45_clean/outputs/openyield_module_gds/wordline_driver/wordline_driver.gds,wordline_driver,gen_wl_driver,False,True
/data1/qujh/work/sram_layoutgen_step45_clean/outputs/openyield_module_gds/wordline_driver/wordline_driver.gds,gen_wl_driver,sram_1rw_32x16_freepdk45_pnand2,True,False
/data1/qujh/work/sram_layoutgen_step45_clean/outputs/openyield_module_gds/wordline_driver/wordline_driver.gds,gen_wl_driver,sram_1rw_32x16_freepdk45_pinv_0,True,False
/data1/qujh/work/sram_layoutgen_step45_clean/outputs/openyield_module_gds/wordline_driver_gate_cells/wordline_driver_gate_cells.gds,wordline_driver_gate_cells,gen_nand2,False,True
/data1/qujh/work/sram_layoutgen_step45_clean/outputs/openyield_module_gds/wordline_driver_gate_cells/wordline_driver_gate_cells.gds,wordline_driver_gate_cells,gen_nand2,False,True
/data1/qujh/work/sram_layoutgen_step45_clean/outputs/openyield_module_gds/wordline_driver_gate_cells/wordline_driver_gate_cells.gds,wordline_driver_gate_cells,gen_inv,False,True
/data1/qujh/work/sram_layoutgen_step45_clean/outputs/openyield_module_gds/wordline_driver_gate_cells/wordline_driver_gate_cells.gds,wordline_driver_gate_cells,gen_nand2,False,True
/data1/qujh/work/sram_layoutgen_step45_clean/outputs/openyield_module_gds/wordline_driver_gate_cells/wordline_driver_gate_cells.gds,wordline_driver_gate_cells,gen_inv,False,True
/data1/qujh/work/sram_layoutgen_step45_clean/outputs/openyield_module_gds/wordline_driver_gate_cells/wordline_driver_gate_cells.gds,gen_nand2,sram_1rw_32x16_freepdk45_pmos_m1_w0_270_sm1_dm1,True,False
/data1/qujh/work/sram_layoutgen_step45_clean/outputs/openyield_module_gds/wordline_driver_gate_cells/wordline_driver_gate_cells.gds,gen_nand2,sram_1rw_32x16_freepdk45_pmos_m1_w0_270_sm1_dm1,True,False
/data1/qujh/work/sram_layoutgen_step45_clean/outputs/openyield_module_gds/wordline_driver_gate_cells/wordline_driver_gate_cells.gds,gen_nand2,sram_1rw_32x16_freepdk45_nmos_m1_w0_180_sm1_dactive,True,False
/data1/qujh/work/sram_layoutgen_step45_clean/outputs/openyield_module_gds/wordline_driver_gate_cells/wordline_driver_gate_cells.gds,gen_nand2,sram_1rw_32x16_freepdk45_nmos_m1_w0_180_sactive_dm1,True,False
/data1/qujh/work/sram_layoutgen_step45_clean/outputs/openyield_module_gds/wordline_driver_gate_cells/wordline_driver_gate_cells.gds,gen_nand2,sram_1rw_32x16_freepdk45_contact_12,True,False
/data1/qujh/work/sram_layoutgen_step45_clean/outputs/openyield_module_gds/wordline_driver_gate_cells/wordline_driver_gate_cells.gds,gen_nand2,sram_1rw_32x16_freepdk45_contact_13,True,False
/data1/qujh/work/sram_layoutgen_step45_clean/outputs/openyield_module_gds/wordline_driver_gate_cells/wordline_driver_gate_cells.gds,gen_nand2,sram_1rw_32x16_freepdk45_contact_14,True,False
/data1/qujh/work/sram_layoutgen_step45_clean/outputs/openyield_module_gds/wordline_driver_gate_cells/wordline_driver_gate_cells.gds,gen_nand2,sram_1rw_32x16_freepdk45_contact_14,True,False
/data1/qujh/work/sram_layoutgen_step45_clean/outputs/openyield_module_gds/wordline_driver_gate_cells/wordline_driver_gate_cells.gds,gen_inv,sram_1rw_32x16_freepdk45_pmos_m1_w0_270_sm1_dm1_da_p,True,False
/data1/qujh/work/sram_layoutgen_step45_clean/outputs/openyield_module_gds/wordline_driver_gate_cells/wordline_driver_gate_cells.gds,gen_inv,sram_1rw_32x16_freepdk45_nmos_m1_w0_090_sm1_dm1_da_p,True,False
/data1/qujh/work/sram_layoutgen_step45_clean/outputs/openyield_module_gds/wordline_driver_gate_cells/wordline_driver_gate_cells.gds,gen_inv,sram_1rw_32x16_freepdk45_contact_12,True,False
/data1/qujh/work/sram_layoutgen_step45_clean/outputs/openyield_module_gds/wordline_driver_gate_cells/wordline_driver_gate_cells.gds,gen_inv,sram_1rw_32x16_freepdk45_contact_13,True,False
/data1/qujh/work/sram_layoutgen_step45_clean/outputs/openyield_module_gds/wordline_driver_gate_cells/wordline_driver_gate_cells.gds,gen_inv,sram_1rw_32x16_freepdk45_contact_14,True,False
/data1/qujh/work/sram_layoutgen_step45_clean/outputs/openyield_module_gds/write_driver/write_driver.gds,write_driver,write_driver,False,True
