module,family,source_location,source_class_or_function,dependency_modules,existing_gds_candidates,approved_dependency_closure,parameter_status,source_topology_status,current_physical_status,first_required_stage,blocked_reason,assignment_status
PNAND2,Family 1,/data1/qujh/work/external/OpenYield/sram_compiler/subcircuits/standard_cell.py,PNAND2.__class__,,none,false,SOURCE_EXACT_NO_PARAMETER_BLOCK,SOURCE_EXACT_RESOLVED,PHYSICAL_NOT_STARTED,TEAM-B0 / ASSIGNED_MODULE_SOURCE_ASSET_AND_DEPENDENCY_LOCK,"Dependency matrix marks PRIMITIVE_GENERATOR_REQUIRED; no approved module-level GDS candidate.",ASSIGNED_PLANNING_ONLY
PNAND3,Family 1,/data1/qujh/work/external/OpenYield/sram_compiler/subcircuits/standard_cell.py,PNAND3.__class__,,none,false,SOURCE_EXACT_NO_PARAMETER_BLOCK,SOURCE_EXACT_RESOLVED,PHYSICAL_NOT_STARTED,TEAM-B0 / ASSIGNED_MODULE_SOURCE_ASSET_AND_DEPENDENCY_LOCK,"Dependency matrix marks PRIMITIVE_GENERATOR_REQUIRED; no approved module-level GDS candidate.",ASSIGNED_PLANNING_ONLY
AND2,Family 1,/data1/qujh/work/external/OpenYield/sram_compiler/subcircuits/standard_cell.py,AND2.__class__,PNAND2|PINV,none,false,PARAMETERS_REFERENCE_SELF_FIELDS,SOURCE_EXACT_RESOLVED,PHYSICAL_NOT_STARTED,TEAM-B0 / ASSIGNED_MODULE_SOURCE_ASSET_AND_DEPENDENCY_LOCK,"Approved child binding matrix says NEW_PRIMITIVE_GENERATOR_REQUIRED for PNAND2 and PINV bindings.",ASSIGNED_PLANNING_ONLY
AND3,Family 1,/data1/qujh/work/external/OpenYield/sram_compiler/subcircuits/standard_cell.py,AND3.__class__,PNAND3|PINV,none,false,PARAMETERS_REFERENCE_SELF_FIELDS,SOURCE_EXACT_RESOLVED,PHYSICAL_NOT_STARTED,TEAM-B0 / ASSIGNED_MODULE_SOURCE_ASSET_AND_DEPENDENCY_LOCK,"Approved child binding matrix says NEW_PRIMITIVE_GENERATOR_REQUIRED for PNAND3 and PINV bindings.",ASSIGNED_PLANNING_ONLY
pdrive,Family 2,/data1/qujh/work/external/OpenYield/sram_compiler/subcircuits/time_generate.py,pdrive.__class__,PINV,none,false,DRIVE_SCALE_SYMBOLIC_BINDING_OPEN,SOURCE_EXACT_RESOLVED,PHYSICAL_NOT_STARTED,TEAM-B0 / ASSIGNED_MODULE_SOURCE_ASSET_AND_DEPENDENCY_LOCK,"All child rows are UNRESOLVED_PARAMETER; concrete configuration expansion is required before any physical stage can be proposed.",ASSIGNED_PLANNING_ONLY
pdrive2_for_pre,Family 2,/data1/qujh/work/external/OpenYield/sram_compiler/subcircuits/time_generate.py,pdrive2_for_pre.__class__,PINV,none,false,DRIVE_SCALE_SYMBOLIC_BINDING_OPEN,SOURCE_EXACT_RESOLVED,PHYSICAL_NOT_STARTED,TEAM-B0 / ASSIGNED_MODULE_SOURCE_ASSET_AND_DEPENDENCY_LOCK,"All child rows are UNRESOLVED_PARAMETER; concrete configuration expansion is required before any physical stage can be proposed.",ASSIGNED_PLANNING_ONLY
wl_pdrive,Family 2,/data1/qujh/work/external/OpenYield/sram_compiler/subcircuits/time_generate.py,wl_pdrive.__class__,PINV,none,true,CONSTANT_MODULE_DEFINITION,SOURCE_EXACT_RESOLVED,PHYSICAL_NOT_STARTED,TEAM-B0 / ASSIGNED_MODULE_SOURCE_ASSET_AND_DEPENDENCY_LOCK,"Child closure is approved, but no approved module-level GDS candidate exists; reuse must still be qualified before any stage.",ASSIGNED_PLANNING_ONLY
delay_chain,Family 3,/data1/qujh/work/external/OpenYield/sram_compiler/subcircuits/time_generate.py,DelayChain.__class__,PINV,outputs/openyield_module_gds/DELAY_CHAIN/DELAY_CHAIN.gds;outputs/openyield_pin_access_repair/current_supported_config/module_access_views/DELAY_CHAIN/DELAY_CHAIN_access.gds;outputs/M2_layoutgen_full_trial/current_supported_config/review_wrappers/DELAY_CHAIN.gds,true,FIXED_9_STAGE_4_LOAD_TOPOLOGY,SOURCE_EXACT_RESOLVED,LEGACY_AND_CANDIDATE_GDS_EXIST,TEAM-B0 / ASSIGNED_MODULE_SOURCE_ASSET_AND_DEPENDENCY_LOCK,"Existing GDS candidates are legacy/candidate only and must pass qualification policy before reuse or regeneration claims.",ASSIGNED_PLANNING_ONLY
wen_delay_chain,Family 3,/data1/qujh/work/external/OpenYield/sram_compiler/subcircuits/time_generate.py,WenDelayChain.__class__,PINV,none,false,CHILD_PINV_BINDING_UNRESOLVED,SOURCE_EXACT_RESOLVED,PHYSICAL_NOT_STARTED,TEAM-B0 / ASSIGNED_MODULE_SOURCE_ASSET_AND_DEPENDENCY_LOCK,"Authority module name is wen_delay_chain; child rows are NEW_PRIMITIVE_GENERATOR_REQUIRED and no approved module-level GDS candidate exists.",ASSIGNED_PLANNING_ONLY
