endpoint,instance_name,net_name,candidate_direction,access_mode,selected_via_center,m1_landing_bbox,m2_landing_bbox,grid_aligned,blocked
inv1_clk.A,inv1_clk,CLK,left,directional_escape,"[-0.005, 0.88]","{'lx': -0.0725, 'by': 0.8125, 'rx': 0.0625, 'uy': 0.9475}","{'lx': -0.0725, 'by': 0.8125, 'rx': 0.0625, 'uy': 0.9475}",True,False
inv1_clk.A,inv1_clk,CLK,up,directional_escape,"[0.195, 1.045]","{'lx': 0.1275, 'by': 0.9775, 'rx': 0.2625, 'uy': 1.1125}","{'lx': 0.1275, 'by': 0.9775, 'rx': 0.2625, 'uy': 1.1125}",True,False
inv1_clk.A,inv1_clk,CLK,right,directional_escape,"[0.395, 0.88]","{'lx': 0.3275, 'by': 0.8125, 'rx': 0.4625, 'uy': 0.9475}","{'lx': 0.3275, 'by': 0.8125, 'rx': 0.4625, 'uy': 0.9475}",True,False
tg1.CTR_P,tg1,CLK,right,directional_escape,"[3.4, 1.09]","{'lx': 3.3325, 'by': 1.0225, 'rx': 3.4675, 'uy': 1.1575}","{'lx': 3.3325, 'by': 1.0225, 'rx': 3.4675, 'uy': 1.1575}",True,False
tg1.CTR_P,tg1,CLK,up,directional_escape,"[3.2, 1.255]","{'lx': 3.1325, 'by': 1.1875, 'rx': 3.2675, 'uy': 1.3225}","{'lx': 3.1325, 'by': 1.1875, 'rx': 3.2675, 'uy': 1.3225}",True,False
tg1.CTR_P,tg1,CLK,left,directional_escape,"[3.0, 1.09]","{'lx': 2.9325, 'by': 1.0225, 'rx': 3.0675, 'uy': 1.1575}","{'lx': 2.9325, 'by': 1.0225, 'rx': 3.0675, 'uy': 1.1575}",True,False
tg2.CTR_N,tg2,CLK,right,directional_escape,"[7.1425, 0.545]","{'lx': 7.075, 'by': 0.4775, 'rx': 7.21, 'uy': 0.6125}","{'lx': 7.075, 'by': 0.4775, 'rx': 7.21, 'uy': 0.6125}",True,False
tg2.CTR_N,tg2,CLK,up,directional_escape,"[6.9425, 0.71]","{'lx': 6.875, 'by': 0.6425, 'rx': 7.01, 'uy': 0.7775}","{'lx': 6.875, 'by': 0.6425, 'rx': 7.01, 'uy': 0.7775}",True,False
tg2.CTR_N,tg2,CLK,left,directional_escape,"[6.7425, 0.545]","{'lx': 6.675, 'by': 0.4775, 'rx': 6.81, 'uy': 0.6125}","{'lx': 6.675, 'by': 0.4775, 'rx': 6.81, 'uy': 0.6125}",True,False
tg3.CTR_N,tg3,CLK,right,directional_escape,"[9.6375, 0.545]","{'lx': 9.57, 'by': 0.4775, 'rx': 9.705, 'uy': 0.6125}","{'lx': 9.57, 'by': 0.4775, 'rx': 9.705, 'uy': 0.6125}",True,False
tg3.CTR_N,tg3,CLK,up,directional_escape,"[9.4375, 0.71]","{'lx': 9.37, 'by': 0.6425, 'rx': 9.505, 'uy': 0.7775}","{'lx': 9.37, 'by': 0.6425, 'rx': 9.505, 'uy': 0.7775}",True,False
tg3.CTR_N,tg3,CLK,left,directional_escape,"[9.2375, 0.545]","{'lx': 9.17, 'by': 0.4775, 'rx': 9.305, 'uy': 0.6125}","{'lx': 9.17, 'by': 0.4775, 'rx': 9.305, 'uy': 0.6125}",True,False
tg4.CTR_P,tg4,CLK,right,directional_escape,"[13.38, 1.09]","{'lx': 13.3125, 'by': 1.0225, 'rx': 13.4475, 'uy': 1.1575}","{'lx': 13.3125, 'by': 1.0225, 'rx': 13.4475, 'uy': 1.1575}",True,False
tg4.CTR_P,tg4,CLK,up,directional_escape,"[13.18, 1.255]","{'lx': 13.1125, 'by': 1.1875, 'rx': 13.2475, 'uy': 1.3225}","{'lx': 13.1125, 'by': 1.1875, 'rx': 13.2475, 'uy': 1.3225}",True,False
tg4.CTR_P,tg4,CLK,left,directional_escape,"[12.98, 1.09]","{'lx': 12.9125, 'by': 1.0225, 'rx': 13.0475, 'uy': 1.1575}","{'lx': 12.9125, 'by': 1.0225, 'rx': 13.0475, 'uy': 1.1575}",True,False
inv1_clk.Z,inv1_clk,CLKB,right,directional_escape,"[0.5925, 0.88]","{'lx': 0.525, 'by': 0.8125, 'rx': 0.66, 'uy': 0.9475}","{'lx': 0.525, 'by': 0.8125, 'rx': 0.66, 'uy': 0.9475}",True,False
inv1_clk.Z,inv1_clk,CLKB,up,directional_escape,"[0.4275, 1.045]","{'lx': 0.36, 'by': 0.9775, 'rx': 0.495, 'uy': 1.1125}","{'lx': 0.36, 'by': 0.9775, 'rx': 0.495, 'uy': 1.1125}",True,False
inv1_clk.Z,inv1_clk,CLKB,left,directional_escape,"[0.2625, 0.88]","{'lx': 0.195, 'by': 0.8125, 'rx': 0.33, 'uy': 0.9475}","{'lx': 0.195, 'by': 0.8125, 'rx': 0.33, 'uy': 0.9475}",True,False
tg1.CTR_N,tg1,CLKB,right,directional_escape,"[3.4, 0.545]","{'lx': 3.3325, 'by': 0.4775, 'rx': 3.4675, 'uy': 0.6125}","{'lx': 3.3325, 'by': 0.4775, 'rx': 3.4675, 'uy': 0.6125}",True,False
tg1.CTR_N,tg1,CLKB,up,directional_escape,"[3.2, 0.71]","{'lx': 3.1325, 'by': 0.6425, 'rx': 3.2675, 'uy': 0.7775}","{'lx': 3.1325, 'by': 0.6425, 'rx': 3.2675, 'uy': 0.7775}",True,False
tg1.CTR_N,tg1,CLKB,left,directional_escape,"[3.0, 0.545]","{'lx': 2.9325, 'by': 0.4775, 'rx': 3.0675, 'uy': 0.6125}","{'lx': 2.9325, 'by': 0.4775, 'rx': 3.0675, 'uy': 0.6125}",True,False
tg2.CTR_P,tg2,CLKB,right,directional_escape,"[7.1425, 1.09]","{'lx': 7.075, 'by': 1.0225, 'rx': 7.21, 'uy': 1.1575}","{'lx': 7.075, 'by': 1.0225, 'rx': 7.21, 'uy': 1.1575}",True,False
tg2.CTR_P,tg2,CLKB,up,directional_escape,"[6.9425, 1.255]","{'lx': 6.875, 'by': 1.1875, 'rx': 7.01, 'uy': 1.3225}","{'lx': 6.875, 'by': 1.1875, 'rx': 7.01, 'uy': 1.3225}",True,False
tg2.CTR_P,tg2,CLKB,left,directional_escape,"[6.7425, 1.09]","{'lx': 6.675, 'by': 1.0225, 'rx': 6.81, 'uy': 1.1575}","{'lx': 6.675, 'by': 1.0225, 'rx': 6.81, 'uy': 1.1575}",True,False
tg3.CTR_P,tg3,CLKB,right,directional_escape,"[9.6375, 1.09]","{'lx': 9.57, 'by': 1.0225, 'rx': 9.705, 'uy': 1.1575}","{'lx': 9.57, 'by': 1.0225, 'rx': 9.705, 'uy': 1.1575}",True,False
tg3.CTR_P,tg3,CLKB,up,directional_escape,"[9.4375, 1.255]","{'lx': 9.37, 'by': 1.1875, 'rx': 9.505, 'uy': 1.3225}","{'lx': 9.37, 'by': 1.1875, 'rx': 9.505, 'uy': 1.3225}",True,False
tg3.CTR_P,tg3,CLKB,left,directional_escape,"[9.2375, 1.09]","{'lx': 9.17, 'by': 1.0225, 'rx': 9.305, 'uy': 1.1575}","{'lx': 9.17, 'by': 1.0225, 'rx': 9.305, 'uy': 1.1575}",True,False
tg4.CTR_N,tg4,CLKB,right,directional_escape,"[13.38, 0.545]","{'lx': 13.3125, 'by': 0.4775, 'rx': 13.4475, 'uy': 0.6125}","{'lx': 13.3125, 'by': 0.4775, 'rx': 13.4475, 'uy': 0.6125}",True,False
tg4.CTR_N,tg4,CLKB,up,directional_escape,"[13.18, 0.71]","{'lx': 13.1125, 'by': 0.6425, 'rx': 13.2475, 'uy': 0.7775}","{'lx': 13.1125, 'by': 0.6425, 'rx': 13.2475, 'uy': 0.7775}",True,False
tg4.CTR_N,tg4,CLKB,left,directional_escape,"[12.98, 0.545]","{'lx': 12.9125, 'by': 0.4775, 'rx': 13.0475, 'uy': 0.6125}","{'lx': 12.9125, 'by': 0.4775, 'rx': 13.0475, 'uy': 0.6125}",True,False
inv2_D.A,inv2_D,D,left,directional_escape,"[1.2425, 0.88]","{'lx': 1.175, 'by': 0.8125, 'rx': 1.31, 'uy': 0.9475}","{'lx': 1.175, 'by': 0.8125, 'rx': 1.31, 'uy': 0.9475}",True,False
inv2_D.A,inv2_D,D,up,directional_escape,"[1.4425, 1.045]","{'lx': 1.375, 'by': 0.9775, 'rx': 1.51, 'uy': 1.1125}","{'lx': 1.375, 'by': 0.9775, 'rx': 1.51, 'uy': 1.1125}",True,False
inv2_D.A,inv2_D,D,right,directional_escape,"[1.6425, 0.88]","{'lx': 1.575, 'by': 0.8125, 'rx': 1.71, 'uy': 0.9475}","{'lx': 1.575, 'by': 0.8125, 'rx': 1.71, 'uy': 0.9475}",True,False
inv2_D.Z,inv2_D,D_b,right,directional_escape,"[1.84, 0.88]","{'lx': 1.7725, 'by': 0.8125, 'rx': 1.9075, 'uy': 0.9475}","{'lx': 1.7725, 'by': 0.8125, 'rx': 1.9075, 'uy': 0.9475}",True,False
inv2_D.Z,inv2_D,D_b,up,directional_escape,"[1.675, 1.045]","{'lx': 1.6075, 'by': 0.9775, 'rx': 1.7425, 'uy': 1.1125}","{'lx': 1.6075, 'by': 0.9775, 'rx': 1.7425, 'uy': 1.1125}",True,False
inv2_D.Z,inv2_D,D_b,left,directional_escape,"[1.51, 0.88]","{'lx': 1.4425, 'by': 0.8125, 'rx': 1.5775, 'uy': 0.9475}","{'lx': 1.4425, 'by': 0.8125, 'rx': 1.5775, 'uy': 0.9475}",True,False
tg1.IN,tg1,D_b,left,directional_escape,"[2.51, 0.88]","{'lx': 2.4425, 'by': 0.8125, 'rx': 2.5775, 'uy': 0.9475}","{'lx': 2.4425, 'by': 0.8125, 'rx': 2.5775, 'uy': 0.9475}",True,False
tg1.IN,tg1,D_b,up,directional_escape,"[2.675, 1.6325]","{'lx': 2.6075, 'by': 1.565, 'rx': 2.7425, 'uy': 1.7}","{'lx': 2.6075, 'by': 1.565, 'rx': 2.7425, 'uy': 1.7}",True,False
tg1.IN,tg1,D_b,right,directional_escape,"[2.84, 0.88]","{'lx': 2.7725, 'by': 0.8125, 'rx': 2.9075, 'uy': 0.9475}","{'lx': 2.7725, 'by': 0.8125, 'rx': 2.9075, 'uy': 0.9475}",True,False
tg1.OUT,tg1,z1,right,directional_escape,"[3.055, 0.88]","{'lx': 2.9875, 'by': 0.8125, 'rx': 3.1225, 'uy': 0.9475}","{'lx': 2.9875, 'by': 0.8125, 'rx': 3.1225, 'uy': 0.9475}",True,False
tg1.OUT,tg1,z1,up,directional_escape,"[2.89, 1.6325]","{'lx': 2.8225, 'by': 1.565, 'rx': 2.9575, 'uy': 1.7}","{'lx': 2.8225, 'by': 1.565, 'rx': 2.9575, 'uy': 1.7}",True,False
tg1.OUT,tg1,z1,left,directional_escape,"[2.725, 0.88]","{'lx': 2.6575, 'by': 0.8125, 'rx': 2.7925, 'uy': 0.9475}","{'lx': 2.6575, 'by': 0.8125, 'rx': 2.7925, 'uy': 0.9475}",True,False
inv3.A,inv3,z1,left,directional_escape,"[3.7375, 0.88]","{'lx': 3.67, 'by': 0.8125, 'rx': 3.805, 'uy': 0.9475}","{'lx': 3.67, 'by': 0.8125, 'rx': 3.805, 'uy': 0.9475}",True,False
inv3.A,inv3,z1,up,directional_escape,"[3.9375, 1.045]","{'lx': 3.87, 'by': 0.9775, 'rx': 4.005, 'uy': 1.1125}","{'lx': 3.87, 'by': 0.9775, 'rx': 4.005, 'uy': 1.1125}",True,False
inv3.A,inv3,z1,right,directional_escape,"[4.1375, 0.88]","{'lx': 4.07, 'by': 0.8125, 'rx': 4.205, 'uy': 0.9475}","{'lx': 4.07, 'by': 0.8125, 'rx': 4.205, 'uy': 0.9475}",True,False
tg2.OUT,tg2,z1,right,directional_escape,"[6.7975, 0.88]","{'lx': 6.73, 'by': 0.8125, 'rx': 6.865, 'uy': 0.9475}","{'lx': 6.73, 'by': 0.8125, 'rx': 6.865, 'uy': 0.9475}",True,False
tg2.OUT,tg2,z1,up,directional_escape,"[6.6325, 1.6325]","{'lx': 6.565, 'by': 1.565, 'rx': 6.7, 'uy': 1.7}","{'lx': 6.565, 'by': 1.565, 'rx': 6.7, 'uy': 1.7}",True,False
tg2.OUT,tg2,z1,left,directional_escape,"[6.4675, 0.88]","{'lx': 6.4, 'by': 0.8125, 'rx': 6.535, 'uy': 0.9475}","{'lx': 6.4, 'by': 0.8125, 'rx': 6.535, 'uy': 0.9475}",True,False
inv3.Z,inv3,z2,right,directional_escape,"[4.335, 0.88]","{'lx': 4.2675, 'by': 0.8125, 'rx': 4.4025, 'uy': 0.9475}","{'lx': 4.2675, 'by': 0.8125, 'rx': 4.4025, 'uy': 0.9475}",True,False
inv3.Z,inv3,z2,up,directional_escape,"[4.17, 1.045]","{'lx': 4.1025, 'by': 0.9775, 'rx': 4.2375, 'uy': 1.1125}","{'lx': 4.1025, 'by': 0.9775, 'rx': 4.2375, 'uy': 1.1125}",True,False
inv3.Z,inv3,z2,left,directional_escape,"[4.005, 0.88]","{'lx': 3.9375, 'by': 0.8125, 'rx': 4.0725, 'uy': 0.9475}","{'lx': 3.9375, 'by': 0.8125, 'rx': 4.0725, 'uy': 0.9475}",True,False
inv4.A,inv4,z2,left,directional_escape,"[4.985, 0.88]","{'lx': 4.9175, 'by': 0.8125, 'rx': 5.0525, 'uy': 0.9475}","{'lx': 4.9175, 'by': 0.8125, 'rx': 5.0525, 'uy': 0.9475}",True,False
inv4.A,inv4,z2,up,directional_escape,"[5.185, 1.045]","{'lx': 5.1175, 'by': 0.9775, 'rx': 5.2525, 'uy': 1.1125}","{'lx': 5.1175, 'by': 0.9775, 'rx': 5.2525, 'uy': 1.1125}",True,False
inv4.A,inv4,z2,right,directional_escape,"[5.385, 0.88]","{'lx': 5.3175, 'by': 0.8125, 'rx': 5.4525, 'uy': 0.9475}","{'lx': 5.3175, 'by': 0.8125, 'rx': 5.4525, 'uy': 0.9475}",True,False
inv5.A,inv5,z2,left,directional_escape,"[7.48, 0.88]","{'lx': 7.4125, 'by': 0.8125, 'rx': 7.5475, 'uy': 0.9475}","{'lx': 7.4125, 'by': 0.8125, 'rx': 7.5475, 'uy': 0.9475}",True,False
inv5.A,inv5,z2,up,directional_escape,"[7.68, 1.045]","{'lx': 7.6125, 'by': 0.9775, 'rx': 7.7475, 'uy': 1.1125}","{'lx': 7.6125, 'by': 0.9775, 'rx': 7.7475, 'uy': 1.1125}",True,False
inv5.A,inv5,z2,right,directional_escape,"[7.88, 0.88]","{'lx': 7.8125, 'by': 0.8125, 'rx': 7.9475, 'uy': 0.9475}","{'lx': 7.8125, 'by': 0.8125, 'rx': 7.9475, 'uy': 0.9475}",True,False
inv4.Z,inv4,z3,right,directional_escape,"[5.5825, 0.88]","{'lx': 5.515, 'by': 0.8125, 'rx': 5.65, 'uy': 0.9475}","{'lx': 5.515, 'by': 0.8125, 'rx': 5.65, 'uy': 0.9475}",True,False
inv4.Z,inv4,z3,up,directional_escape,"[5.4175, 1.045]","{'lx': 5.35, 'by': 0.9775, 'rx': 5.485, 'uy': 1.1125}","{'lx': 5.35, 'by': 0.9775, 'rx': 5.485, 'uy': 1.1125}",True,False
inv4.Z,inv4,z3,left,directional_escape,"[5.2525, 0.88]","{'lx': 5.185, 'by': 0.8125, 'rx': 5.32, 'uy': 0.9475}","{'lx': 5.185, 'by': 0.8125, 'rx': 5.32, 'uy': 0.9475}",True,False
tg2.IN,tg2,z3,left,directional_escape,"[6.2525, 0.88]","{'lx': 6.185, 'by': 0.8125, 'rx': 6.32, 'uy': 0.9475}","{'lx': 6.185, 'by': 0.8125, 'rx': 6.32, 'uy': 0.9475}",True,False
tg2.IN,tg2,z3,up,directional_escape,"[6.4175, 1.6325]","{'lx': 6.35, 'by': 1.565, 'rx': 6.485, 'uy': 1.7}","{'lx': 6.35, 'by': 1.565, 'rx': 6.485, 'uy': 1.7}",True,False
tg2.IN,tg2,z3,right,directional_escape,"[6.5825, 0.88]","{'lx': 6.515, 'by': 0.8125, 'rx': 6.65, 'uy': 0.9475}","{'lx': 6.515, 'by': 0.8125, 'rx': 6.65, 'uy': 0.9475}",True,False
inv5.Z,inv5,z4,right,directional_escape,"[8.0775, 0.88]","{'lx': 8.01, 'by': 0.8125, 'rx': 8.145, 'uy': 0.9475}","{'lx': 8.01, 'by': 0.8125, 'rx': 8.145, 'uy': 0.9475}",True,False
inv5.Z,inv5,z4,up,directional_escape,"[7.9125, 1.045]","{'lx': 7.845, 'by': 0.9775, 'rx': 7.98, 'uy': 1.1125}","{'lx': 7.845, 'by': 0.9775, 'rx': 7.98, 'uy': 1.1125}",True,False
inv5.Z,inv5,z4,left,directional_escape,"[7.7475, 0.88]","{'lx': 7.68, 'by': 0.8125, 'rx': 7.815, 'uy': 0.9475}","{'lx': 7.68, 'by': 0.8125, 'rx': 7.815, 'uy': 0.9475}",True,False
tg3.IN,tg3,z4,left,directional_escape,"[8.7475, 0.88]","{'lx': 8.68, 'by': 0.8125, 'rx': 8.815, 'uy': 0.9475}","{'lx': 8.68, 'by': 0.8125, 'rx': 8.815, 'uy': 0.9475}",True,False
tg3.IN,tg3,z4,up,directional_escape,"[8.9125, 1.6325]","{'lx': 8.845, 'by': 1.565, 'rx': 8.98, 'uy': 1.7}","{'lx': 8.845, 'by': 1.565, 'rx': 8.98, 'uy': 1.7}",True,False
tg3.IN,tg3,z4,right,directional_escape,"[9.0775, 0.88]","{'lx': 9.01, 'by': 0.8125, 'rx': 9.145, 'uy': 0.9475}","{'lx': 9.01, 'by': 0.8125, 'rx': 9.145, 'uy': 0.9475}",True,False
tg3.OUT,tg3,z5,right,directional_escape,"[9.2925, 0.88]","{'lx': 9.225, 'by': 0.8125, 'rx': 9.36, 'uy': 0.9475}","{'lx': 9.225, 'by': 0.8125, 'rx': 9.36, 'uy': 0.9475}",True,False
tg3.OUT,tg3,z5,up,directional_escape,"[9.1275, 1.6325]","{'lx': 9.06, 'by': 1.565, 'rx': 9.195, 'uy': 1.7}","{'lx': 9.06, 'by': 1.565, 'rx': 9.195, 'uy': 1.7}",True,False
tg3.OUT,tg3,z5,left,directional_escape,"[8.9625, 0.88]","{'lx': 8.895, 'by': 0.8125, 'rx': 9.03, 'uy': 0.9475}","{'lx': 8.895, 'by': 0.8125, 'rx': 9.03, 'uy': 0.9475}",True,False
inv6.A,inv6,z5,left,directional_escape,"[9.975, 0.88]","{'lx': 9.9075, 'by': 0.8125, 'rx': 10.0425, 'uy': 0.9475}","{'lx': 9.9075, 'by': 0.8125, 'rx': 10.0425, 'uy': 0.9475}",True,False
inv6.A,inv6,z5,up,directional_escape,"[10.175, 1.045]","{'lx': 10.1075, 'by': 0.9775, 'rx': 10.2425, 'uy': 1.1125}","{'lx': 10.1075, 'by': 0.9775, 'rx': 10.2425, 'uy': 1.1125}",True,False
inv6.A,inv6,z5,right,directional_escape,"[10.375, 0.88]","{'lx': 10.3075, 'by': 0.8125, 'rx': 10.4425, 'uy': 0.9475}","{'lx': 10.3075, 'by': 0.8125, 'rx': 10.4425, 'uy': 0.9475}",True,False
tg4.OUT,tg4,z5,right,directional_escape,"[13.035, 0.88]","{'lx': 12.9675, 'by': 0.8125, 'rx': 13.1025, 'uy': 0.9475}","{'lx': 12.9675, 'by': 0.8125, 'rx': 13.1025, 'uy': 0.9475}",True,False
tg4.OUT,tg4,z5,up,directional_escape,"[12.87, 1.6325]","{'lx': 12.8025, 'by': 1.565, 'rx': 12.9375, 'uy': 1.7}","{'lx': 12.8025, 'by': 1.565, 'rx': 12.9375, 'uy': 1.7}",True,False
tg4.OUT,tg4,z5,left,directional_escape,"[12.705, 0.88]","{'lx': 12.6375, 'by': 0.8125, 'rx': 12.7725, 'uy': 0.9475}","{'lx': 12.6375, 'by': 0.8125, 'rx': 12.7725, 'uy': 0.9475}",True,False
inv6.Z,inv6,Q,right,directional_escape,"[10.5725, 0.88]","{'lx': 10.505, 'by': 0.8125, 'rx': 10.64, 'uy': 0.9475}","{'lx': 10.505, 'by': 0.8125, 'rx': 10.64, 'uy': 0.9475}",True,False
inv6.Z,inv6,Q,up,directional_escape,"[10.4075, 1.045]","{'lx': 10.34, 'by': 0.9775, 'rx': 10.475, 'uy': 1.1125}","{'lx': 10.34, 'by': 0.9775, 'rx': 10.475, 'uy': 1.1125}",True,False
inv6.Z,inv6,Q,left,directional_escape,"[10.2425, 0.88]","{'lx': 10.175, 'by': 0.8125, 'rx': 10.31, 'uy': 0.9475}","{'lx': 10.175, 'by': 0.8125, 'rx': 10.31, 'uy': 0.9475}",True,False
inv7.A,inv7,Q,left,directional_escape,"[11.2225, 0.88]","{'lx': 11.155, 'by': 0.8125, 'rx': 11.29, 'uy': 0.9475}","{'lx': 11.155, 'by': 0.8125, 'rx': 11.29, 'uy': 0.9475}",True,False
inv7.A,inv7,Q,up,directional_escape,"[11.4225, 1.045]","{'lx': 11.355, 'by': 0.9775, 'rx': 11.49, 'uy': 1.1125}","{'lx': 11.355, 'by': 0.9775, 'rx': 11.49, 'uy': 1.1125}",True,False
inv7.A,inv7,Q,right,directional_escape,"[11.6225, 0.88]","{'lx': 11.555, 'by': 0.8125, 'rx': 11.69, 'uy': 0.9475}","{'lx': 11.555, 'by': 0.8125, 'rx': 11.69, 'uy': 0.9475}",True,False
inv7.Z,inv7,QB,right,directional_escape,"[11.82, 0.88]","{'lx': 11.7525, 'by': 0.8125, 'rx': 11.8875, 'uy': 0.9475}","{'lx': 11.7525, 'by': 0.8125, 'rx': 11.8875, 'uy': 0.9475}",True,False
inv7.Z,inv7,QB,up,directional_escape,"[11.655, 1.045]","{'lx': 11.5875, 'by': 0.9775, 'rx': 11.7225, 'uy': 1.1125}","{'lx': 11.5875, 'by': 0.9775, 'rx': 11.7225, 'uy': 1.1125}",True,False
inv7.Z,inv7,QB,left,directional_escape,"[11.49, 0.88]","{'lx': 11.4225, 'by': 0.8125, 'rx': 11.5575, 'uy': 0.9475}","{'lx': 11.4225, 'by': 0.8125, 'rx': 11.5575, 'uy': 0.9475}",True,False
tg4.IN,tg4,QB,left,directional_escape,"[12.49, 0.88]","{'lx': 12.4225, 'by': 0.8125, 'rx': 12.5575, 'uy': 0.9475}","{'lx': 12.4225, 'by': 0.8125, 'rx': 12.5575, 'uy': 0.9475}",True,False
tg4.IN,tg4,QB,up,directional_escape,"[12.655, 1.6325]","{'lx': 12.5875, 'by': 1.565, 'rx': 12.7225, 'uy': 1.7}","{'lx': 12.5875, 'by': 1.565, 'rx': 12.7225, 'uy': 1.7}",True,False
tg4.IN,tg4,QB,right,directional_escape,"[12.82, 0.88]","{'lx': 12.7525, 'by': 0.8125, 'rx': 12.8875, 'uy': 0.9475}","{'lx': 12.7525, 'by': 0.8125, 'rx': 12.8875, 'uy': 0.9475}",True,False
